event_id,centroid_lat,centroid_lon,first_detected,last_detected,observation_count,mean_frp,class,anomaly.score,blind_review_mode
AGN-E-017409,19.02715,79.15685,2026-06-17T08:16:00,2026-06-17T08:16:00,1,10.84,UNKNOWN,0.0,False
AGN-E-008195,19.0369,78.29153,2026-07-15T08:09:00,2026-07-15T08:09:00,1,3.54,UNKNOWN,0.0,True
AGN-E-013828,30.79634,75.69701,2026-06-24T08:05:00,2026-06-24T08:05:00,1,2.44,UNKNOWN,0.0,False
AGN-E-011779,29.907263333333333,71.60791333333333,2026-06-28T07:37:00,2026-06-28T08:33:00,3,13.01,UNKNOWN,0.0,True
AGN-E-005635,18.086245,81.24098000000001,2026-08-12T07:46:00,2026-08-12T07:46:00,2,39.17,UNKNOWN,0.0,False
AGN-E-012803,30.36535,72.83849,2026-06-26T07:29:00,2026-06-26T07:29:00,1,3.27,UNKNOWN,0.0,False
AGN-E-013832,31.28886,75.22363,2026-06-24T08:05:00,2026-06-24T08:05:00,1,2.83,UNKNOWN,0.0,False
AGN-E-007177,11.40659,77.48415,2026-07-25T08:20:00,2026-07-25T08:20:00,1,33.34,UNKNOWN,0.0,True
AGN-E-014859,30.45806,75.9063,2026-06-22T08:43:00,2026-06-22T08:43:00,1,5.62,UNKNOWN,0.0,True
AGN-E-001036,21.487450789473684,81.7685394736842,2026-06-15T20:46:00,2026-09-10T20:17:00,38,1.733684210526316,Industrial Fire,-1.8928571428571432,False
AGN-E-002063,7.75884,80.68317,2026-09-06T08:13:00,2026-09-06T08:13:00,1,4.11,Industrial Fire,0.0,False
AGN-E-001552,11.36853,77.68331,2026-09-08T07:37:00,2026-09-08T07:37:00,1,4.31,Industrial Fire,0.0,False
AGN-E-018960,14.12767,76.78784,2026-06-15T08:16:00,2026-06-15T08:16:00,1,2.09,UNKNOWN,0.0,False
AGN-E-017423,19.9502,81.79883,2026-06-17T08:16:00,2026-06-17T08:16:00,1,2.39,UNKNOWN,0.0,False
AGN-E-003603,10.04175,77.58042,2026-08-31T08:28:00,2026-08-31T08:28:00,1,29.4,UNKNOWN,0.0,False
AGN-E-001046,27.87296,96.84696999999998,2026-09-08T06:01:00,2026-09-09T07:03:00,5,3.946,Industrial Fire,-1.2499999999999998,True
AGN-E-001047,29.29575352941177,88.8655411764706,2026-07-02T06:57:00,2026-09-09T07:03:00,17,4.584117647058824,Industrial Fire,-2.0909090909090917,True
AGN-E-001048,6.3614500000000005,80.77589666666667,2026-09-09T08:37:00,2026-09-09T08:58:00,3,4.1433333333333335,Industrial Fire,0.0,True
AGN-E-001049,6.395268,81.13000400000001,2026-07-25T07:58:00,2026-09-09T08:37:00,5,5.92,Industrial Fire,-10.29166666666666,True
AGN-E-018966,15.552085,76.431865,2026-06-15T08:18:00,2026-06-15T08:18:00,2,3.545,UNKNOWN,0.0,False
AGN-E-002075,7.93151,80.58047,2026-09-06T08:13:00,2026-09-06T08:13:00,1,1.84,Industrial Fire,0.0,False
AGN-E-000026,7.551463333333333,81.03079666666666,2026-09-12T07:41:00,2026-09-12T07:41:00,3,6.796666666666667,UNKNOWN,0.0,False
AGN-E-002583,7.97723,80.04148,2026-09-05T07:37:00,2026-09-05T07:37:00,1,4.37,UNKNOWN,0.0,False
AGN-E-006679,9.47729,78.72331,2026-07-29T08:26:00,2026-07-29T08:26:00,1,7.04,UNKNOWN,0.0,False
AGN-E-016928,23.00274,72.28382,2026-06-18T08:16:00,2026-06-18T08:16:00,1,7.08,UNKNOWN,0.0,False
AGN-E-000548,22.93312611111111,69.69825814814814,2026-06-15T21:42:00,2026-09-11T21:38:00,108,2.222777777777778,UNKNOWN,-1.39655172413793,False
AGN-E-013861,27.89655,81.78027,2026-06-24T08:07:00,2026-06-24T08:07:00,1,5.81,UNKNOWN,0.0,False
AGN-E-009254,27.96354,68.16558,2026-07-08T08:43:00,2026-07-08T08:43:00,1,10.17,UNKNOWN,0.0,False
AGN-E-011816,30.51546,73.001215,2026-06-20T08:28:00,2026-06-28T08:33:00,2,10.695,UNKNOWN,0.0,False
AGN-E-009258,29.61054,71.81512,2026-07-08T08:43:00,2026-07-08T08:43:00,1,0.92,UNKNOWN,0.0,False
AGN-E-000555,18.81351,74.30283,2026-09-11T20:36:00,2026-09-11T20:36:00,1,0.44,Industrial Fire,0.0,False
AGN-E-000556,19.22277,74.8159,2026-09-11T20:36:00,2026-09-11T20:36:00,1,0.77,Industrial Fire,0.0,False
AGN-E-003627,29.2713,70.6321,2026-08-31T08:35:00,2026-08-31T08:35:00,1,2.44,UNKNOWN,0.0,True
AGN-E-003630,31.47198,74.22855,2026-08-31T08:35:00,2026-08-31T08:35:00,1,3.85,UNKNOWN,0.0,False
AGN-E-004652,12.31031,78.07397,2026-08-21T08:16:00,2026-08-21T08:16:00,1,2.61,UNKNOWN,0.0,False
AGN-E-011308,21.79048,72.72041,2026-06-29T08:09:00,2026-06-29T08:09:00,1,7.08,UNKNOWN,0.0,False
AGN-E-009262,29.65674,72.11874,2026-07-08T08:43:00,2026-07-08T08:43:00,1,1.58,UNKNOWN,0.0,True
AGN-E-004658,14.72149,79.72996,2026-08-21T08:16:00,2026-08-21T08:16:00,1,3.0,UNKNOWN,0.0,False
AGN-E-000563,11.268222745098043,80.0040550980392,2026-06-15T20:04:00,2026-09-11T20:38:00,51,2.156274509803921,Industrial Fire,2.879432624113475,False
AGN-E-009267,29.726665625000003,71.96127187500001,2026-06-23T08:26:00,2026-07-08T08:43:00,16,4.266875,UNKNOWN,1.1079136690647484,False
AGN-E-014901,17.47358,80.3344,2026-06-22T07:46:00,2026-06-22T07:46:00,1,6.84,UNKNOWN,0.0,True
AGN-E-017459,22.11947,75.67665,2026-06-17T08:16:00,2026-06-17T08:37:00,2,3.375,UNKNOWN,0.0,False
AGN-E-011319,27.089111666666664,78.35672666666666,2026-06-29T07:18:00,2026-06-29T08:11:00,6,4.538333333333333,UNKNOWN,0.0,False
AGN-E-007736,29.731159375,72.04139656250001,2026-06-15T07:33:00,2026-07-18T08:58:00,32,4.6678125,UNKNOWN,0.6893939393939392,False
AGN-E-013369,15.57255,76.41524,2026-06-25T20:17:00,2026-06-25T20:17:00,1,1.22,UNKNOWN,0.0,True
AGN-E-000568,27.77445,95.87613,2026-09-11T06:46:00,2026-09-11T06:46:00,1,4.24,UNKNOWN,0.0,False
AGN-E-012853,26.83804,80.98857,2026-06-26T19:53:00,2026-06-26T19:53:00,1,3.88,UNKNOWN,0.0,False
AGN-E-011833,30.74409,75.39334,2026-06-17T08:18:00,2026-06-28T08:33:00,2,8.11,UNKNOWN,0.0,True
AGN-E-016957,29.40215,74.42857,2026-06-18T08:18:00,2026-06-18T08:18:00,1,16.25,UNKNOWN,0.0,False
AGN-E-011326,27.50448,77.79072,2026-06-29T08:11:00,2026-06-29T08:11:00,1,5.2,UNKNOWN,0.0,False
AGN-E-012351,23.32499,72.09328,2026-06-27T08:48:00,2026-06-27T08:48:00,1,5.55,UNKNOWN,0.0,False
AGN-E-007745,29.88419375,71.674035,2026-06-28T07:37:00,2026-07-18T08:37:00,8,5.76375,UNKNOWN,-0.9464285714285716,False
AGN-E-002627,27.19736,68.5406,2026-09-05T07:44:00,2026-09-05T07:44:00,1,2.85,UNKNOWN,0.0,True
AGN-E-001604,24.14142,97.00646,2026-09-08T06:46:00,2026-09-08T06:46:00,1,25.17,UNKNOWN,0.0,False
AGN-E-000581,6.540023333333333,80.94688333333333,2026-07-20T19:55:00,2026-09-11T08:20:00,3,2.08,Industrial Fire,3.60759493670886,False
AGN-E-000582,6.712469032258065,81.32505741935485,2026-07-02T19:47:00,2026-09-11T08:20:00,31,5.995483870967742,Routine Flare,-1.6864686468646863,False
AGN-E-003654,8.424756666666667,80.74705,2026-08-24T08:03:00,2026-08-31T07:31:00,3,6.653333333333332,UNKNOWN,1.0,False
AGN-E-000584,6.760316666666667,81.55468333333333,2026-08-10T08:20:00,2026-09-11T08:20:00,3,7.06,Routine Flare,1.2900763358778629,False
AGN-E-000585,6.81615,80.87415625,2026-08-28T20:00:00,2026-09-11T08:20:00,8,3.42625,Routine Flare,8.75409836065574,False
AGN-E-012873,13.70917,79.89507,2026-06-26T08:09:00,2026-06-26T08:09:00,1,2.48,UNKNOWN,0.0,False
AGN-E-003147,15.9921625,78.39940250000001,2026-08-27T20:17:00,2026-09-02T07:52:00,4,2.6275,UNKNOWN,11.619047619047622,False
AGN-E-003145,14.292355,77.98352,2026-08-30T08:28:00,2026-09-02T07:52:00,2,4.065,UNKNOWN,0.0,False
AGN-E-016976,30.44864,73.73075,2026-06-18T08:18:00,2026-06-18T08:18:00,1,3.12,UNKNOWN,0.0,False
AGN-E-005713,14.792371,79.709599,2026-06-15T07:29:00,2026-08-11T08:05:00,10,5.485000000000001,UNKNOWN,-0.4195121951219514,False
AGN-E-010322,30.970715,74.162075,2026-06-15T08:22:00,2026-07-03T07:44:00,2,3.225,UNKNOWN,0.0,False
AGN-E-015445,21.73052,77.38181,2026-06-21T08:05:00,2026-06-21T08:05:00,1,10.55,UNKNOWN,0.0,False
AGN-E-000087,8.5327175,80.71205125,2026-08-16T07:14:00,2026-09-12T07:44:00,8,4.565,UNKNOWN,1.9920634920634916,True
AGN-E-011865,31.76697,73.13982,2026-06-28T08:33:00,2026-06-28T08:33:00,1,4.87,UNKNOWN,0.0,False
AGN-E-019033,22.43934,73.33505,2026-06-15T08:20:00,2026-06-15T08:20:00,1,7.33,UNKNOWN,0.0,False
AGN-E-016475,21.46079,72.98113,2026-06-19T08:43:00,2026-06-19T08:43:00,1,1.46,UNKNOWN,0.0,False
AGN-E-003673,11.39743,78.70004,2026-08-31T07:31:00,2026-08-31T07:31:00,1,14.75,UNKNOWN,0.0,True
AGN-E-011870,33.11753,75.66548,2026-06-28T07:37:00,2026-06-28T08:33:00,2,4.945,UNKNOWN,0.0,False
AGN-E-008800,21.8125,71.42668,2026-07-11T08:33:00,2026-07-11T08:33:00,1,3.85,UNKNOWN,0.0,False
AGN-E-014437,21.91253,82.45663,2026-06-23T07:29:00,2026-06-23T07:29:00,1,2.37,UNKNOWN,0.0,True
AGN-E-002150,8.607701111111112,80.51867333333333,2026-08-15T08:07:00,2026-09-06T08:13:00,9,5.334444444444445,UNKNOWN,6.071428571428567,True
AGN-E-000103,8.986455,80.065525,2026-09-06T08:16:00,2026-09-12T08:03:00,4,4.0725,UNKNOWN,-4.025974025974024,False
AGN-E-013416,17.70701,83.04945,2026-06-25T08:30:00,2026-06-25T08:30:00,1,7.25,UNKNOWN,0.0,False
AGN-E-013929,30.742175,76.325845,2026-06-17T07:44:00,2026-06-24T07:12:00,6,4.516666666666667,UNKNOWN,-4.827586206896549,False
AGN-E-007786,7.00837,81.57805,2026-07-18T08:50:00,2026-07-18T08:50:00,1,5.69,UNKNOWN,0.0,False
AGN-E-014955,28.73888,82.06853000000001,2026-06-21T20:34:00,2026-06-22T07:50:00,3,4.59,UNKNOWN,0.0,False
AGN-E-013420,21.24781933333333,72.019734,2026-06-17T08:37:00,2026-06-25T08:33:00,15,2.7033333333333336,UNKNOWN,1.0489510489510494,False
AGN-E-011371,31.371133333333333,75.2453,2026-06-17T07:44:00,2026-06-29T08:13:00,3,3.6533333333333338,UNKNOWN,-1.138888888888889,False
AGN-E-010359,20.664495,94.83094,2026-06-26T06:31:00,2026-07-02T06:54:00,2,5.41,UNKNOWN,0.0,True
AGN-E-018040,11.55801,78.77747,2026-06-16T08:33:00,2026-06-16T08:33:00,1,3.14,UNKNOWN,0.0,False
AGN-E-009339,30.283948,72.950008,2026-06-23T08:26:00,2026-07-08T07:50:00,5,4.452,UNKNOWN,5.176211453744493,False
AGN-E-014971,31.056455,72.736935,2026-06-16T08:37:00,2026-06-22T07:50:00,2,1.735,UNKNOWN,0.0,False
AGN-E-019071,30.112,73.38212,2026-06-15T08:22:00,2026-06-15T08:22:00,1,7.77,UNKNOWN,0.0,False
AGN-E-005247,10.98471,77.71185,2026-08-16T08:54:00,2026-08-16T08:54:00,1,3.62,UNKNOWN,0.0,False
AGN-E-013441,23.22337,71.80569,2026-06-25T08:33:00,2026-06-25T08:33:00,1,11.87,UNKNOWN,0.0,False
AGN-E-008322,15.827645,80.421425,2026-07-14T08:28:00,2026-07-14T08:28:00,2,5.61,UNKNOWN,0.0,False
AGN-E-006786,9.47767,77.60773,2026-07-28T07:24:00,2026-07-28T07:24:00,1,4.92,UNKNOWN,0.0,False
AGN-E-012931,29.73826,75.85378,2026-06-26T08:16:00,2026-06-26T08:16:00,1,2.85,UNKNOWN,0.0,False
AGN-E-003716,7.69219,81.52925,2026-08-30T08:26:00,2026-08-30T08:26:00,1,2.33,UNKNOWN,0.0,False
AGN-E-009867,29.978095555555555,72.74446888888889,2026-06-30T09:15:00,2026-07-05T09:22:00,9,5.638888888888889,UNKNOWN,0.7130434782608701,False
AGN-E-019084,30.40442,72.43195,2026-06-15T08:22:00,2026-06-15T08:22:00,1,1.85,UNKNOWN,0.0,True
AGN-E-004237,7.42791,81.59241,2026-08-25T08:20:00,2026-08-25T08:20:00,1,4.09,UNKNOWN,0.0,False
AGN-E-015503,30.05972,76.73212,2026-06-21T08:07:00,2026-06-21T08:07:00,1,0.98,UNKNOWN,0.0,False
AGN-E-013968,29.59962,71.49966,2026-06-24T08:52:00,2026-06-24T08:52:00,1,4.29,UNKNOWN,0.0,False
AGN-E-006287,15.94053,79.96963,2026-08-05T08:16:00,2026-08-05T08:16:00,1,7.25,UNKNOWN,0.0,False
AGN-E-014482,30.409215,76.05748,2026-06-23T07:31:00,2026-06-23T07:31:00,2,4.375,UNKNOWN,0.0,False
AGN-E-016020,21.95712,73.39545,2026-06-20T08:26:00,2026-06-20T08:26:00,1,8.56,UNKNOWN,0.0,False
AGN-E-011927,29.672365,77.05202,2026-06-23T07:31:00,2026-06-28T07:37:00,2,4.25,UNKNOWN,0.0,True
AGN-E-016537,30.92946,75.29448,2026-06-19T08:45:00,2026-06-19T08:45:00,1,7.49,UNKNOWN,0.0,False
AGN-E-015516,30.7632,75.22753,2026-06-21T08:09:00,2026-06-21T08:09:00,1,2.1,UNKNOWN,0.0,False
AGN-E-016029,23.36892,80.10036,2026-06-20T08:26:00,2026-06-20T08:26:00,1,3.82,UNKNOWN,0.0,False
AGN-E-003229,6.710367777777779,81.59384666666668,2026-07-11T19:23:00,2026-09-01T08:07:00,18,4.388333333333334,UNKNOWN,0.167857142857143,False
AGN-E-013987,30.49375,72.84991,2026-06-24T08:52:00,2026-06-24T08:52:00,1,3.58,UNKNOWN,0.0,True
AGN-E-015524,30.89754,75.50682,2026-06-21T08:09:00,2026-06-21T08:09:00,1,3.56,UNKNOWN,0.0,True
AGN-E-000678,18.57097,74.48993,2026-09-11T08:24:00,2026-09-11T08:24:00,1,5.37,Wildfire,0.0,False
AGN-E-000679,18.65792,74.34396,2026-09-11T08:24:00,2026-09-11T08:24:00,1,1.64,Wildfire,0.0,False
AGN-E-017062,32.87222,74.88764,2026-06-18T08:20:00,2026-06-18T08:20:00,1,4.06,UNKNOWN,0.0,False
AGN-E-017066,32.98919,74.48038,2026-06-18T08:20:00,2026-06-18T08:20:00,1,1.49,UNKNOWN,0.0,False
AGN-E-002731,31.579275,72.376755,2026-08-29T08:16:00,2026-09-04T08:39:00,2,4.575,UNKNOWN,0.0,False
AGN-E-008875,30.913616666666663,75.65524666666667,2026-06-18T07:26:00,2026-07-10T08:07:00,3,9.213333333333331,UNKNOWN,-3.408256880733945,False
AGN-E-008878,31.04862,75.2782,2026-07-10T07:48:00,2026-07-10T08:07:00,2,2.215,UNKNOWN,0.0,True
AGN-E-003247,8.030545,81.2899975,2026-09-01T07:50:00,2026-09-01T08:07:00,4,8.6725,Industrial Fire,0.0,False
AGN-E-004270,30.8567,71.94377,2026-08-25T08:26:00,2026-08-25T08:26:00,1,8.91,UNKNOWN,0.0,True
AGN-E-003764,31.58256,72.28866,2026-08-17T09:17:00,2026-08-30T08:35:00,2,2.575,UNKNOWN,0.0,False
AGN-E-011446,30.02327,71.53632,2026-06-29T09:00:00,2026-06-29T09:00:00,1,1.74,UNKNOWN,0.0,False
AGN-E-000183,21.80053565789474,83.8869792105263,2026-06-15T07:14:00,2026-09-12T20:17:00,76,3.663815789473684,UNKNOWN,-1.909090909090909,False
AGN-E-004792,30.39299,73.25574999999999,2026-06-15T08:22:00,2026-08-20T08:39:00,3,2.5966666666666667,UNKNOWN,-0.3604651162790698,False
AGN-E-009911,26.93524,87.12366,2026-07-05T07:58:00,2026-07-05T07:58:00,1,2.88,UNKNOWN,0.0,False
AGN-E-013498,30.513116666666665,73.64902,2026-06-18T08:01:00,2026-06-25T08:35:00,3,4.616666666666666,UNKNOWN,0.4046822742474913,False
AGN-E-015035,21.524,71.36948,2026-06-21T08:41:00,2026-06-21T08:41:00,1,10.95,UNKNOWN,0.0,True
AGN-E-013500,30.544105,73.96548999999999,2026-06-20T09:02:00,2026-06-25T08:35:00,2,4.375,UNKNOWN,0.0,True
AGN-E-019133,27.88971,68.62311,2026-06-15T20:46:00,2026-06-15T20:46:00,1,0.92,UNKNOWN,0.0,True
AGN-E-016574,15.410055,79.01184,2026-06-18T07:56:00,2026-06-18T08:13:00,2,6.9350000000000005,UNKNOWN,0.0,False
AGN-E-006847,33.7595,74.85919,2026-07-28T08:16:00,2026-07-28T08:16:00,1,4.22,UNKNOWN,0.0,False
AGN-E-018618,33.22394,74.81057,2026-06-16T20:25:00,2026-06-16T20:25:00,1,0.79,UNKNOWN,0.0,False
AGN-E-010433,30.116142499999995,73.0129175,2026-06-25T08:35:00,2026-07-02T08:37:00,4,6.325,UNKNOWN,-51.7,False
AGN-E-010952,30.47944,72.82536333333333,2026-06-18T08:01:00,2026-06-30T07:54:00,3,2.44,UNKNOWN,-0.7834394904458601,True
AGN-E-014026,13.34501,77.07806,2026-06-24T19:40:00,2026-06-24T19:40:00,1,2.23,UNKNOWN,0.0,False
AGN-E-004299,31.999563333333334,78.53620000000001,2026-08-24T07:05:00,2026-08-24T08:09:00,3,11.563333333333333,UNKNOWN,0.0,False
AGN-E-000204,15.658359836065577,73.98881590163933,2026-06-15T20:02:00,2026-09-12T21:23:00,61,1.1696721311475409,UNKNOWN,-0.1718749999999998,False
AGN-E-014027,15.47912,79.73035,2026-06-24T19:40:00,2026-06-24T19:40:00,1,0.68,UNKNOWN,0.0,True
AGN-E-005834,30.821785,71.89214000000001,2026-08-10T08:07:00,2026-08-10T08:26:00,2,5.615,UNKNOWN,0.0,False
AGN-E-004819,33.43012,78.19984,2026-08-20T20:08:00,2026-08-20T20:08:00,1,1.48,UNKNOWN,0.0,False
AGN-E-005331,27.394805,70.488365,2026-08-15T07:37:00,2026-08-15T08:33:00,2,5.015,UNKNOWN,0.0,False
AGN-E-002775,23.684173333333334,90.52617,2026-06-15T19:42:00,2026-09-04T19:45:00,3,1.7766666666666666,UNKNOWN,3.5365853658536577,False
AGN-E-014040,12.51667,79.84884333333333,2026-06-23T07:26:00,2026-06-23T08:20:00,3,4.283333333333333,UNKNOWN,0.0,False
AGN-E-018139,21.120462,70.81508800000002,2026-06-16T08:01:00,2026-06-16T08:37:00,5,8.516,UNKNOWN,0.0,False
AGN-E-000736,8.318065999999998,80.250588,2026-08-05T08:13:00,2026-09-11T07:26:00,5,14.232,Industrial Fire,-2.4228675136116142,False
AGN-E-000737,8.466370000000001,81.115799,2026-09-02T07:29:00,2026-09-11T07:26:00,10,6.492,Industrial Fire,1.3149606299212602,False
AGN-E-016609,19.23718,75.33081,2026-06-18T07:56:00,2026-06-18T07:56:00,1,6.01,UNKNOWN,0.0,True
AGN-E-005347,30.029571999999995,71.406802,2026-06-25T07:48:00,2026-08-15T08:35:00,5,5.276000000000001,UNKNOWN,-0.3333333333333337,False
AGN-E-000228,7.14505,81.58019999999999,2026-09-01T08:07:00,2026-09-12T08:03:00,4,6.1175,UNKNOWN,-27.5,False
AGN-E-016613,19.74091,79.3851925,2026-06-18T07:56:00,2026-06-18T08:16:00,4,2.8625,UNKNOWN,0.0,False
AGN-E-000743,8.876622999999999,80.66489000000001,2026-08-18T07:29:00,2026-09-11T07:26:00,10,13.057000000000002,Industrial Fire,0.6842105263157898,False
AGN-E-010479,31.29715,72.668395,2026-07-02T08:37:00,2026-07-02T08:58:00,2,3.99,UNKNOWN,0.0,False
AGN-E-013040,28.03391,81.31728,2026-06-25T07:29:00,2026-06-25T07:29:00,1,5.17,UNKNOWN,0.0,False
AGN-E-014065,23.83659,71.32904,2026-06-23T08:03:00,2026-06-23T08:03:00,1,5.46,UNKNOWN,0.0,False
AGN-E-002290,26.75753,91.44517,2026-09-06T07:24:00,2026-09-06T07:24:00,1,5.19,UNKNOWN,0.0,False
AGN-E-003827,28.10045,95.53236,2026-08-29T07:09:00,2026-08-29T07:09:00,1,2.14,UNKNOWN,0.0,True
AGN-E-002801,7.52764,81.5356,2026-09-04T07:56:00,2026-09-04T07:56:00,1,4.73,UNKNOWN,0.0,False
AGN-E-009978,30.151511666666664,72.48553166666666,2026-06-15T08:22:00,2026-07-05T08:45:00,6,6.928333333333334,UNKNOWN,0.0454545454545455,False
AGN-E-010491,30.416375,73.29878,2026-06-28T08:33:00,2026-07-02T21:01:00,2,3.34,UNKNOWN,0.0,False
AGN-E-005373,14.42142,79.66338,2026-08-15T07:33:00,2026-08-15T07:33:00,1,4.17,UNKNOWN,0.0,True
AGN-E-018689,21.13141,75.33967,2026-06-15T08:20:00,2026-06-15T08:54:00,2,4.66,UNKNOWN,0.0,True
AGN-E-016131,23.77282,72.29844,2026-06-20T20:53:00,2026-06-20T20:53:00,1,1.1,UNKNOWN,0.0,False
AGN-E-006404,29.81754,72.77114,2026-08-02T08:22:00,2026-08-02T08:22:00,1,6.41,UNKNOWN,0.0,False
AGN-E-009991,30.686476,74.050886,2026-06-18T08:20:00,2026-07-05T08:45:00,5,3.522,UNKNOWN,1.2179487179487167,False
AGN-E-004873,24.280115,91.385545,2026-07-23T19:30:00,2026-08-19T19:23:00,2,2.415,UNKNOWN,0.0,False
AGN-E-003851,12.49513,76.73359,2026-08-29T21:21:00,2026-08-29T21:21:00,1,0.38,UNKNOWN,0.0,False
AGN-E-008972,33.29194749999999,70.42021,2026-07-09T08:07:00,2026-07-09T09:13:00,4,4.6725,UNKNOWN,0.0,False
AGN-E-014099,27.43814,78.91197,2026-06-23T08:05:00,2026-06-23T08:05:00,1,4.03,UNKNOWN,0.0,False
AGN-E-017687,21.88545,73.37881,2026-06-17T08:37:00,2026-06-17T08:37:00,1,2.44,UNKNOWN,0.0,False
AGN-E-014103,27.91617,78.87194,2026-06-23T08:05:00,2026-06-23T08:05:00,1,24.49,UNKNOWN,0.0,False
AGN-E-007451,16.9095,80.78143,2026-07-23T07:20:00,2026-07-23T07:20:00,1,3.91,UNKNOWN,0.0,True
AGN-E-014619,18.69511,77.73032,2026-06-22T08:22:00,2026-06-22T08:22:00,1,3.87,UNKNOWN,0.0,False
AGN-E-015136,30.72001,75.39342,2026-06-21T08:43:00,2026-06-21T08:43:00,1,2.99,UNKNOWN,0.0,False
AGN-E-002342,7.788463999999999,81.558072,2026-08-27T08:03:00,2026-09-05T08:13:00,5,5.44,Industrial Fire,-1.4102564102564106,False
AGN-E-011558,27.217605,79.662995,2026-06-28T08:11:00,2026-06-28T08:30:00,2,2.56,UNKNOWN,0.0,False
AGN-E-010022,27.708635,68.145715,2026-07-03T08:18:00,2026-07-04T08:01:00,2,4.6850000000000005,UNKNOWN,0.0,False
AGN-E-014120,28.51853,69.85229,2026-06-23T08:05:00,2026-06-23T08:05:00,1,6.58,UNKNOWN,0.0,False
AGN-E-004902,8.885925,78.104705,2026-08-19T07:58:00,2026-08-19T07:58:00,2,8.405,UNKNOWN,0.0,False
AGN-E-013102,30.45094,73.61622,2026-06-25T09:09:00,2026-06-25T09:09:00,1,2.28,UNKNOWN,0.0,False
AGN-E-004399,7.926306666666668,81.45525666666667,2026-08-17T08:35:00,2026-08-23T07:35:00,6,12.985,UNKNOWN,1.1666666666666663,False
AGN-E-000816,8.028624166666665,80.35829083333333,2026-08-18T07:29:00,2026-09-10T08:20:00,12,5.915833333333333,Industrial Fire,0.2642276422764229,False
AGN-E-000817,8.05721,80.09994750000001,2026-09-04T08:35:00,2026-09-10T08:20:00,4,5.032500000000001,Industrial Fire,1.775757575757576,False
AGN-E-013105,30.95883,74.87349,2026-06-25T09:09:00,2026-06-25T09:09:00,1,12.46,UNKNOWN,0.0,True
AGN-E-016185,20.95535,75.68792,2026-06-19T07:37:00,2026-06-19T07:37:00,1,3.09,UNKNOWN,0.0,False
AGN-E-001341,10.54028,77.77425,2026-09-09T08:03:00,2026-09-09T08:03:00,1,6.28,Industrial Fire,0.0,False
AGN-E-001342,10.55722,79.22038,2026-09-09T08:03:00,2026-09-09T08:03:00,1,6.78,Industrial Fire,0.0,False
AGN-E-001343,10.81844,79.1286,2026-09-09T08:03:00,2026-09-09T08:03:00,1,1.82,Industrial Fire,0.0,False
AGN-E-006462,23.08371,96.0169,2026-08-01T06:59:00,2026-08-01T06:59:00,1,3.16,UNKNOWN,0.0,False
AGN-E-007998,29.52876,71.89554,2026-07-16T07:54:00,2026-07-16T07:54:00,1,1.66,UNKNOWN,0.0,True
AGN-E-001346,11.89375,78.74492,2026-09-09T08:03:00,2026-09-09T08:03:00,1,3.83,Industrial Fire,0.0,False
AGN-E-008511,11.66476,77.79151,2026-07-13T07:52:00,2026-07-13T07:52:00,1,4.0,UNKNOWN,0.0,False
AGN-E-012608,15.06114,77.95132,2026-06-27T20:23:00,2026-06-27T20:23:00,1,2.61,UNKNOWN,0.0,False
AGN-E-004929,11.66406,78.67644666666666,2026-08-18T08:52:00,2026-08-18T08:52:00,3,25.850000000000005,UNKNOWN,0.0,False
AGN-E-007488,29.28863,75.85209,2026-07-23T08:07:00,2026-07-23T08:07:00,1,8.98,UNKNOWN,0.0,False
AGN-E-006471,12.32935,79.62632,2026-08-01T08:37:00,2026-08-01T08:37:00,1,7.9,UNKNOWN,0.0,False
AGN-E-004936,30.01446,72.56888000000001,2026-08-14T08:33:00,2026-08-18T08:58:00,2,2.745,UNKNOWN,0.0,False
AGN-E-008009,29.870985,72.052615,2026-07-08T08:43:00,2026-07-16T07:54:00,2,11.185,UNKNOWN,0.0,False
AGN-E-015689,27.872266666666665,68.80155666666666,2026-06-20T09:02:00,2026-06-20T09:22:00,3,4.546666666666667,UNKNOWN,0.0,False
AGN-E-007501,7.6885175,80.7192575,2026-07-19T07:37:00,2026-07-22T20:12:00,4,1.995,UNKNOWN,0.2333333333333327,False
AGN-E-002381,8.435825000000001,80.67309499999999,2026-09-05T08:13:00,2026-09-05T08:35:00,2,8.52,UNKNOWN,0.0,False
AGN-E-006479,27.75187,68.73214,2026-08-01T21:06:00,2026-08-01T21:06:00,1,0.58,UNKNOWN,0.0,True
AGN-E-001360,14.47654,79.68936,2026-09-09T08:03:00,2026-09-09T08:03:00,1,3.04,UNKNOWN,0.0,False
AGN-E-003921,18.12482,75.44324,2026-08-29T08:11:00,2026-08-29T08:11:00,1,2.86,UNKNOWN,0.0,True
AGN-E-000850,8.846870000000001,80.32799333333334,2026-07-23T08:03:00,2026-09-10T08:20:00,6,6.096666666666667,UNKNOWN,0.6499999999999994,False
AGN-E-008531,17.58208,82.176455,2026-07-13T07:52:00,2026-07-13T07:52:00,2,3.64,UNKNOWN,0.0,True
AGN-E-014167,31.271705,75.14375000000001,2026-06-17T08:20:00,2026-06-23T08:05:00,2,1.75,UNKNOWN,0.0,True
AGN-E-012631,26.17915,78.8511,2026-06-26T07:07:00,2026-06-26T07:29:00,2,8.41,UNKNOWN,0.0,False
AGN-E-017753,30.91734,73.44129,2026-06-17T08:37:00,2026-06-17T08:37:00,1,1.88,UNKNOWN,0.0,True
AGN-E-000347,22.05429642857143,85.46493714285714,2026-06-15T20:00:00,2026-09-12T20:34:00,14,1.0457142857142858,Wildfire,-0.2702702702702702,False
AGN-E-000348,23.484097441860467,87.36349767441861,2026-06-15T19:42:00,2026-09-12T20:34:00,43,1.8804651162790695,Industrial Fire,-2.2479338842975203,False
AGN-E-000349,23.562174415584412,87.08336818181817,2026-06-15T07:14:00,2026-09-12T20:34:00,77,2.388571428571429,Industrial Fire,-0.8064516129032253,True
AGN-E-006492,7.739920000000001,81.53332999999999,2026-07-31T07:48:00,2026-07-31T08:07:00,3,2.95,UNKNOWN,0.0,True
AGN-E-006495,8.714945,80.390075,2026-07-24T07:44:00,2026-07-31T07:48:00,2,2.645,UNKNOWN,0.0,True
AGN-E-011103,33.56461,73.43077,2026-06-30T08:41:00,2026-06-30T08:41:00,1,6.21,UNKNOWN,0.0,False
AGN-E-000865,9.006995,77.79395500000001,2026-08-10T08:20:00,2026-09-10T08:22:00,2,10.47,UNKNOWN,0.0,False
AGN-E-006500,9.14486,77.69183,2026-07-31T07:50:00,2026-07-31T07:50:00,1,14.7,UNKNOWN,0.0,True
AGN-E-013668,30.76192,72.80733,2026-06-24T07:48:00,2026-06-24T07:48:00,1,1.66,UNKNOWN,0.0,False
AGN-E-000356,26.702892500000004,77.8485875,2026-09-08T20:55:00,2026-09-12T20:34:00,4,1.805,UNKNOWN,0.0,False
AGN-E-012135,29.569224285714284,71.81786571428572,2026-06-21T09:02:00,2026-06-27T08:50:00,7,4.927142857142856,UNKNOWN,3.1327014218009483,False
AGN-E-013672,30.80921,73.89121,2026-06-24T07:48:00,2026-06-24T07:48:00,1,1.66,UNKNOWN,0.0,False
AGN-E-010045,32.487455,73.200485,2026-07-04T07:26:00,2026-07-04T08:03:00,2,5.725,UNKNOWN,0.0,False
AGN-E-010090,30.790088125,74.06295187500001,2026-06-16T08:37:00,2026-07-04T08:20:00,32,4.6978125,UNKNOWN,-0.0399999999999998,False
AGN-E-006000,9.50695,78.22846,2026-08-09T08:20:00,2026-08-09T08:20:00,1,7.49,UNKNOWN,0.0,False
AGN-E-007537,34.76567,69.28735333333333,2026-06-23T08:07:00,2026-07-22T08:30:00,3,3.19,UNKNOWN,17.571428571428577,True
AGN-E-001906,8.05743,80.43962,2026-09-07T08:39:00,2026-09-07T08:39:00,1,4.65,UNKNOWN,0.0,False
AGN-E-009074,31.27224,75.344975,2026-06-29T08:13:00,2026-07-09T08:26:00,2,2.705,UNKNOWN,0.0,True
AGN-E-016756,29.72383,72.23775,2026-06-18T08:01:00,2026-06-18T08:01:00,1,1.85,UNKNOWN,0.0,False
AGN-E-008562,14.881115,79.706915,2026-07-12T07:26:00,2026-07-12T08:09:00,2,2.83,UNKNOWN,0.0,False
AGN-E-000374,9.11475,80.29814,2026-09-12T07:07:00,2026-09-12T07:07:00,1,9.59,Industrial Fire,0.0,False
AGN-E-008056,11.782945,79.705365,2026-07-16T08:37:00,2026-07-16T08:37:00,2,4.710000000000001,UNKNOWN,0.0,False
AGN-E-013178,21.87542,72.65038,2026-06-25T07:46:00,2026-06-25T07:46:00,1,2.57,UNKNOWN,0.0,False
AGN-E-007036,33.81657666666666,72.72017,2026-07-15T20:36:00,2026-07-26T21:53:00,3,1.36,UNKNOWN,-3.782608695652174,False
AGN-E-000383,7.94965,81.16211,2026-09-12T08:45:00,2026-09-12T08:45:00,1,6.89,Industrial Fire,0.0,False
AGN-E-001408,17.370663333333333,77.44579333333334,2026-06-16T20:29:00,2026-09-09T20:38:00,9,0.9311111111111112,UNKNOWN,1.9318181818181817,True
AGN-E-016260,28.51809,68.41541,2026-06-19T09:22:00,2026-06-19T09:22:00,1,3.48,UNKNOWN,0.0,False
AGN-E-017798,13.05184,78.01189,2026-06-17T07:39:00,2026-06-17T07:39:00,1,12.45,UNKNOWN,0.0,False
AGN-E-002438,12.80829,79.95596250000001,2026-08-11T08:03:00,2026-09-05T08:16:00,4,3.5625,UNKNOWN,2.909090909090905,False
AGN-E-008072,24.92356,72.42528,2026-07-16T08:39:00,2026-07-16T08:39:00,1,6.25,UNKNOWN,0.0,True
AGN-E-000395,9.237855,77.484025,2026-09-12T08:48:00,2026-09-12T08:48:00,2,4.130000000000001,Agricultural Burn,0.0,True
AGN-E-007564,6.823285,81.213095,2026-07-21T08:39:00,2026-07-21T08:39:00,2,9.305,UNKNOWN,0.0,False
AGN-E-009614,30.242130000000003,73.21096285714286,2026-06-19T08:45:00,2026-07-06T09:05:00,7,3.535714285714286,UNKNOWN,-0.8584070796460178,False
AGN-E-013203,28.539845106382984,82.18301510638297,2026-06-20T19:47:00,2026-06-25T07:46:00,47,3.8825531914893614,UNKNOWN,1.5609756097560972,True
AGN-E-001939,22.865403333333333,89.53864333333333,2026-07-02T19:42:00,2026-09-07T19:32:00,3,0.8533333333333335,UNKNOWN,-0.9038461538461536,False
AGN-E-002964,7.97732,80.238475,2026-08-31T08:28:00,2026-09-03T08:16:00,2,3.74,UNKNOWN,0.0,False
AGN-E-010138,27.59095,68.07955,2026-07-04T09:05:00,2026-07-04T09:05:00,1,7.28,UNKNOWN,0.0,True
AGN-E-017308,16.6631,78.56883,2026-06-17T08:13:00,2026-06-17T08:13:00,1,2.55,UNKNOWN,0.0,False
AGN-E-016799,28.4037225,82.0686825,2026-06-18T20:23:00,2026-06-18T20:44:00,4,0.81,UNKNOWN,0.0,False
AGN-E-008095,31.361415,72.69823500000001,2026-06-20T07:41:00,2026-07-16T08:39:00,4,4.365,UNKNOWN,-1.0,True
AGN-E-005535,6.48623,81.443175,2026-08-13T07:24:00,2026-08-13T07:24:00,2,7.725,UNKNOWN,0.0,False
AGN-E-004002,8.861145,77.992535,2026-08-28T08:28:00,2026-08-28T08:28:00,2,3.755,UNKNOWN,0.0,False
AGN-E-008102,19.32251,73.09267,2026-06-27T20:57:00,2026-07-16T21:08:00,3,1.0766666666666669,UNKNOWN,0.5555555555555554,False
AGN-E-011688,11.607295,79.32678000000001,2026-06-28T20:06:00,2026-06-28T20:42:00,2,1.505,UNKNOWN,0.0,False
AGN-E-006057,30.649653333333333,72.26176,2026-08-02T08:22:00,2026-08-09T08:45:00,3,5.183333333333333,UNKNOWN,-1.4383057090239408,False
AGN-E-012713,30.86319,73.648885,2026-06-26T08:50:00,2026-06-26T08:50:00,2,3.645,UNKNOWN,0.0,False
AGN-E-006571,22.50215,97.32889,2026-07-31T07:16:00,2026-07-31T07:16:00,1,4.8,UNKNOWN,0.0,False
AGN-E-000940,6.18637,81.12122,2026-09-10T08:39:00,2026-09-10T08:39:00,1,3.64,UNKNOWN,0.0,False
AGN-E-004013,9.68469,78.36857,2026-08-28T08:28:00,2026-08-28T08:28:00,1,13.95,UNKNOWN,0.0,False
AGN-E-005549,29.062525,79.521425,2026-08-08T07:24:00,2026-08-13T07:31:00,2,4.28,UNKNOWN,0.0,False
AGN-E-006578,22.09742,85.35045,2026-07-31T19:45:00,2026-07-31T19:45:00,1,0.64,UNKNOWN,0.0,False
AGN-E-015282,31.1683875,75.508225,2026-06-20T07:41:00,2026-06-21T07:22:00,4,3.3774999999999995,UNKNOWN,0.0,False
AGN-E-004531,7.35206,81.267664,2026-08-15T07:31:00,2026-08-22T08:39:00,5,9.158,UNKNOWN,0.6197478991596641,False
AGN-E-006068,32.6686,69.57668,2026-08-09T21:10:00,2026-08-09T21:10:00,1,0.34,UNKNOWN,0.0,False
AGN-E-018358,28.4479,68.04726,2026-06-16T08:56:00,2026-06-16T08:56:00,1,10.14,UNKNOWN,0.0,False
AGN-E-015353,30.19653,72.66159,2026-06-21T09:02:00,2026-06-21T09:02:00,1,2.91,UNKNOWN,0.0,False
AGN-E-015292,31.411735,72.50789,2026-06-21T07:22:00,2026-06-21T07:22:00,2,4.645,UNKNOWN,0.0,False
AGN-E-001982,8.593774545454547,80.55419727272728,2026-07-29T08:26:00,2026-09-06T08:13:00,11,6.712727272727273,UNKNOWN,3.980158730158729,False
AGN-E-010686,30.55074,72.76390555555555,2026-06-15T08:22:00,2026-07-01T08:22:00,9,5.007777777777778,UNKNOWN,0.0129449838187705,False
AGN-E-007620,30.009815000000003,71.51417500000001,2026-06-23T07:31:00,2026-07-20T09:05:00,6,3.313333333333333,UNKNOWN,0.6363636363636364,True
AGN-E-005064,18.46759,74.2318,2026-08-18T08:18:00,2026-08-18T08:18:00,1,3.92,UNKNOWN,0.0,False
AGN-E-005065,29.13686,71.609,2026-08-18T08:22:00,2026-08-18T08:22:00,1,6.26,UNKNOWN,0.0,True
AGN-E-009674,30.027876666666668,72.85014,2026-07-01T08:22:00,2026-07-06T07:41:00,3,1.9833333333333327,UNKNOWN,12.741935483870964,False
AGN-E-005576,9.75847,79.87958,2026-08-13T08:09:00,2026-08-13T08:09:00,1,3.26,UNKNOWN,0.0,False
AGN-E-003016,29.43393,69.876075,2026-09-03T08:22:00,2026-09-03T08:22:00,2,1.785,UNKNOWN,0.0,True
AGN-E-008143,14.030525,79.27606,2026-07-15T08:07:00,2026-07-15T08:54:00,2,7.685,UNKNOWN,0.0,True
AGN-E-002000,9.78295,77.51691,2026-09-06T07:56:00,2026-09-06T07:56:00,1,10.03,UNKNOWN,0.0,False
AGN-E-004559,9.363126666666666,78.66161555555556,2026-07-07T08:37:00,2026-08-21T08:13:00,9,6.837777777777777,UNKNOWN,-0.3292433537832309,False
AGN-E-005588,30.591425,74.81024500000001,2026-06-26T08:16:00,2026-08-13T08:16:00,2,5.655,UNKNOWN,0.0,False
AGN-E-007636,8.12668,81.11391,2026-07-19T08:13:00,2026-07-19T08:13:00,1,2.51,UNKNOWN,0.0,False
AGN-E-008235,13.00415,78.0612,2026-07-15T07:14:00,2026-07-15T07:14:00,1,5.85,UNKNOWN,0.0,False
AGN-E-017368,18.24284,75.746865,2026-06-17T08:16:00,2026-06-17T08:35:00,2,7.04,UNKNOWN,0.0,False
AGN-E-000986,6.646633333333334,81.19251000000001,2026-07-16T19:30:00,2026-09-10T19:36:00,3,1.25,Industrial Fire,-1.0000000000000002,False
AGN-E-000987,8.922091250000001,80.78395624999999,2026-09-04T08:35:00,2026-09-10T20:19:00,8,4.4875,Industrial Fire,-0.8928571428571426,False
AGN-E-002011,19.333115,83.43039999999999,2026-07-19T20:10:00,2026-09-06T07:58:00,2,2.555,UNKNOWN,0.0,False
AGN-E-000477,7.954597499999999,80.10547333333334,2026-08-31T07:31:00,2026-09-11T08:22:00,12,5.468333333333334,Agricultural Burn,-0.8507462686567165,False
AGN-E-000478,7.960729999999998,81.19254428571428,2026-08-31T07:31:00,2026-09-11T08:22:00,14,4.165000000000001,Agricultural Burn,0.7536231884057973,False
AGN-E-000479,7.99013,81.21532,2026-09-11T08:01:00,2026-09-11T08:01:00,1,1.86,Agricultural Burn,0.0,False
AGN-E-010204,24.102965,71.67803,2026-06-21T08:41:00,2026-07-03T08:35:00,2,7.210000000000001,UNKNOWN,0.0,False
AGN-E-013793,25.11126,74.8374,2026-06-24T08:05:00,2026-06-24T08:05:00,1,1.98,UNKNOWN,0.0,False
AGN-E-011226,31.62741,72.81361,2026-06-29T07:54:00,2026-06-29T07:54:00,1,4.66,UNKNOWN,0.0,False
AGN-E-014819,27.79508,78.1692,2026-06-22T08:43:00,2026-06-22T08:43:00,1,3.54,UNKNOWN,0.0,False
AGN-E-016360,25.353,83.75053,2026-06-19T07:58:00,2026-06-19T07:58:00,1,4.88,UNKNOWN,0.0,True
AGN-E-001000,6.408665,81.314545,2026-09-02T08:35:00,2026-09-10T07:44:00,2,5.25,UNKNOWN,0.0,False
AGN-E-005101,8.77448,77.48844,2026-08-17T07:50:00,2026-08-17T07:50:00,1,1.97,UNKNOWN,0.0,False
AGN-E-015342,28.27577,68.82755,2026-06-21T09:02:00,2026-06-21T09:02:00,1,7.4,UNKNOWN,0.0,True
AGN-E-004591,30.620095,72.07843,2026-08-10T07:31:00,2026-08-21T08:03:00,2,5.57,UNKNOWN,0.0,False
AGN-E-004590,30.465680000000003,72.13213,2026-08-14T08:52:00,2026-08-21T08:03:00,3,3.76,UNKNOWN,10.95,False
AGN-E-002035,29.628044,90.969522,2026-06-15T06:40:00,2026-09-06T06:40:00,5,5.11,Industrial Fire,0.6328125000000007,False
AGN-E-006132,26.12457,69.16856,2026-07-30T08:11:00,2026-08-08T09:05:00,2,10.285,UNKNOWN,0.0,False
AGN-E-006643,21.60441,81.8241,2026-07-30T20:57:00,2026-07-30T20:57:00,1,0.69,UNKNOWN,0.0,False
AGN-E-015863,29.86314,72.19859,2026-06-20T07:41:00,2026-06-20T07:41:00,1,2.54,UNKNOWN,0.0,False
AGN-E-007160,9.823805,77.724445,2026-07-25T07:26:00,2026-07-25T08:20:00,2,8.515,UNKNOWN,0.0,False
AGN-E-016377,28.6037,68.33469,2026-06-19T07:58:00,2026-06-19T07:58:00,1,4.13,UNKNOWN,0.0,False
AGN-E-010743,25.00280571428572,75.19461142857142,2026-06-15T08:20:00,2026-07-01T08:20:00,21,6.5685714285714285,UNKNOWN,5.047781569965871,False
