dropout_p,decorrelation,hn_ratio,class_weighting,threshold,id_macro_f1,ood_macro_f1,worst_case_f1,if_id_p,if_id_r,if_id_f1,if_ood_p,if_ood_r,if_ood_f1,unknown_rate
0.0,MODERATE,2.0,UNIFORM,0.1839311420917511,0.10335996744195859,0.3361523455724246,0.10335996744195859,0.13590604026845637,0.27835051546391754,0.1826381059751973,0.08125,0.48148148148148145,0.13903743315508021,0.0555
0.0,MODERATE,2.0,BALANCED,0.17943035066127777,0.10378596681795615,0.32790522951528217,0.10378596681795615,0.13696060037523453,0.2508591065292096,0.17718446601941748,0.09786476868327403,0.5092592592592593,0.16417910447761194,0.043
0.0,MODERATE,2.0,MILD,0.1803419589996338,0.10167228112653932,0.337416805497434,0.10167228112653932,0.13667820069204153,0.27147766323024053,0.18181818181818182,0.0985663082437276,0.5092592592592593,0.16516516516516516,0.0515
0.1,MODERATE,2.0,UNIFORM,0.19006143510341644,0.19955606408997265,0.294187858173741,0.19955606408997265,0.2662337662337662,0.422680412371134,0.32669322709163345,0.09841269841269841,0.5740740740740741,0.16802168021680217,0.0405
0.1,MODERATE,2.0,BALANCED,0.18746033310890198,0.19809506995628168,0.3013793731769246,0.19809506995628168,0.26552462526766596,0.4261168384879725,0.32717678100263853,0.0974124809741248,0.5925925925925926,0.16732026143790849,0.039
0.1,MODERATE,2.0,MILD,0.1896229386329651,0.2101013314532748,0.19212631995293084,0.19212631995293084,0.24948453608247423,0.41580756013745707,0.3118556701030928,0.08841463414634146,0.5370370370370371,0.1518324607329843,0.042
0.25,MODERATE,2.0,UNIFORM,0.19360749423503876,0.19275385713100832,0.31302147064241714,0.19275385713100832,0.22310756972111553,0.3848797250859107,0.28247162673392184,0.09556313993174062,0.5185185185185185,0.16138328530259366,0.128
0.25,MODERATE,2.0,BALANCED,0.18624931573867798,0.20250463698561227,0.29925856012236945,0.20250463698561227,0.20982986767485823,0.38144329896907214,0.2707317073170732,0.0796812749003984,0.5555555555555556,0.13937282229965156,0.093
0.25,MODERATE,2.0,MILD,0.19041700661182404,0.19648175499518214,0.21064501218400158,0.19648175499518214,0.21951219512195122,0.4020618556701031,0.28398058252427183,0.09792284866468842,0.6111111111111112,0.16879795396419436,0.115
