feature,importance
Context_Missing,0.17157591879367828
History_Missing,0.15506982803344727
Thermal_Mean,0.1192164272069931
Context_Industry,0.11141229420900345
History_Recurrence,0.09118206053972244
Sensor_Agreement,0.0590142086148262
Neural_Logit_AGRICULTURAL_BURN,0.041473183780908585
Neural_Logit_INDUSTRIAL_FIRE,0.03854186460375786
Neural_Logit_OTHER_ANTHROPOGENIC,0.037883467972278595
Optical_Sentinel,0.03604983165860176
Neural_Logit_WILDFIRE,0.035910967737436295
Neural_Logit_UNKNOWN,0.03573647141456604
Sensor_Missing,0.03495170548558235
Neural_Logit_ROUTINE_FLARE,0.03198176994919777
Sentinel_Missing,0.0
