event_id,synthetic_environment,TRUE_SYNTHETIC_CLASS,final_max_frp,current_max_frp,final_duration,current_duration,final_observation_count,observation_count_so_far,FRP_baseline,FRP_variability,anomaly.score,proxy_industrial_context,proxy_vegetation_context,geolocation_error_m,centroid_lat,centroid_lon,time_delta_hours,cloud_fraction,sentinel_available,S2_B12,S2_B08,S2_B04,S2_NDVI,S2_B12_online,S2_B08_online,S2_B04_online,S2_NDVI_online,latent_source_type,generation_rule_id,counterfactual_pair_id
CF-PairA-0-1,dense industrial/urban,Industrial Fire,39.237698004201235,24.793295088449018,27.052294708280556,24.10632467177174,3,1,27.485607764189925,12.591484231692561,0.0,0.7207559021669221,0.05769589335897794,49.535933489769796,-55.230766985371645,39.92793528784415,-67.06484013430094,0.385367549836479,True,0.6185814562826212,0.14236320656131032,0.15386257365453632,-0.03881960268565049,0.6185814562826212,0.14236320656131032,0.15386257365453632,-0.03881960268565049,Industrial Fire,A,CF-PairA-0
CF-PairA-0-2,forest/wildland,Industrial Fire,39.237698004201235,24.793295088449018,27.052294708280556,24.10632467177174,3,1,27.485607764189925,12.591484231692561,0.0,0.0,0.7943649663043651,49.535933489769796,-55.230766985371645,39.92793528784415,-67.06484013430094,0.385367549836479,True,0.4679047628082909,0.7316984649176201,0.15386257365453632,0.6525082587133277,0.4679047628082909,0.7316984649176201,0.15386257365453632,0.6525082587133277,Industrial Fire,A,CF-PairA-0
CF-PairA-1-1,dense industrial/urban,Industrial Fire,59.54909367256009,38.65573906792564,25.866579041677255,17.61282520894774,3,2,11.519629323332307,10.519491054004718,4.160004342607842,1.0,0.35220102428916694,12.244979607891025,32.634701687497596,-49.559900062597336,-16.60940307159781,0.10460043348500353,False,,,,,,,,,Industrial Fire,A,CF-PairA-1
CF-PairA-1-2,forest/wildland,Industrial Fire,59.54909367256009,38.65573906792564,25.866579041677255,17.61282520894774,3,2,11.519629323332307,10.519491054004718,4.160004342607842,0.4152639310370093,1.0,12.244979607891025,32.634701687497596,-49.559900062597336,-16.60940307159781,0.10460043348500353,False,,,,,,,,,Industrial Fire,A,CF-PairA-1
CF-PairA-2-1,dense industrial/urban,Industrial Fire,55.913011298686776,43.03785486421101,21.13744964523977,8.101620180425884,2,1,41.09410360309743,25.56027070819929,0.7930074008117987,0.8053200981665495,0.020942173542368506,164.11381392796753,60.769794180658664,48.34127826018056,-129.17961907101392,0.4350323537692665,False,,,,,,,,,Industrial Fire,A,CF-PairA-2
CF-PairA-2-2,forest/wildland,Industrial Fire,55.913011298686776,43.03785486421101,21.13744964523977,8.101620180425884,2,1,41.09410360309743,25.56027070819929,0.7930074008117987,0.007648630882075486,0.7719288909934102,164.11381392796753,60.769794180658664,48.34127826018056,-129.17961907101392,0.4350323537692665,False,,,,,,,,,Industrial Fire,A,CF-PairA-2
CF-PairA-3-1,dense industrial/urban,Industrial Fire,59.70290105574215,36.28837767090625,22.76591745754373,10.890752356383818,2,1,38.64523794819172,23.168769737482073,0.4777154368947711,0.6308336301684797,0.024440239205343467,130.2321420556998,-18.268587907946824,-141.90137850575775,-175.45498583518875,0.45925170972113516,True,0.37030390059376916,0.09816464035028946,0.3173815380985874,-0.5275391980900321,0.37030390059376916,0.09816464035028946,0.3173815380985874,-0.5275391980900321,Industrial Fire,A,CF-PairA-3
CF-PairA-3-2,forest/wildland,Industrial Fire,59.70290105574215,36.28837767090625,22.76591745754373,10.890752356383818,2,1,38.64523794819172,23.168769737482073,0.4777154368947711,0.1462274953952814,0.8006537198464292,130.2321420556998,-18.268587907946824,-141.90137850575775,-175.45498583518875,0.45925170972113516,True,0.2733826736391295,0.7191354248631581,0.3173815380985874,0.38759991502367547,0.2733826736391295,0.7191354248631581,0.3173815380985874,0.38759991502367547,Industrial Fire,A,CF-PairA-3
CF-PairA-4-1,dense industrial/urban,Industrial Fire,57.83959554818202,42.69571707587454,24.45432507442116,17.989869348507177,3,2,42.08034531517458,25.11485533164533,0.0,0.8182007291839944,0.42233563390335777,133.06379331685145,13.135127249257764,160.29585581722807,123.48335763213852,0.5793616226998368,True,0.6783204751261784,0.3020788020913801,0.0,1.0,,,,,Industrial Fire,A,CF-PairA-4
CF-PairA-4-2,forest/wildland,Industrial Fire,57.83959554818202,42.69571707587454,24.45432507442116,17.989869348507177,3,2,42.08034531517458,25.11485533164533,0.0,0.14123834179190217,0.7314709352845622,133.06379331685145,13.135127249257764,160.29585581722807,123.48335763213852,0.5793616226998368,True,0.5429279976477599,0.5493870431963438,0.0,1.0,,,,,Industrial Fire,A,CF-PairA-4
CF-PairA-5-1,dense industrial/urban,Industrial Fire,45.057973425986006,36.37620421151078,12.02934702494145,1.4226286366912542,1,1,22.603454809753185,6.744063793517067,0.1712461207498056,0.9651614850729009,0.07500564577920099,46.37220240917387,33.57210371271911,-88.9009798019205,-64.18716071088491,1.0,True,,,,,,,,,Industrial Fire,A,CF-PairA-5
CF-PairA-5-2,forest/wildland,Industrial Fire,45.057973425986006,36.37620421151078,12.02934702494145,1.4226286366912542,1,1,22.603454809753185,6.744063793517067,0.1712461207498056,0.42370370090753656,0.6648562411792471,46.37220240917387,33.57210371271911,-88.9009798019205,-64.18716071088491,1.0,True,,,,,,,,,Industrial Fire,A,CF-PairA-5
CF-PairA-6-1,dense industrial/urban,Industrial Fire,33.85405169172777,31.57168658812985,15.9322036747408,11.385768203871509,3,2,5.228937727371756,10.627220321767766,4.94272158744921,0.8781195764472534,0.0,7.621669479807837,-2.2221669024733757,-106.60303877317116,160.51307004258803,0.14492130675759302,True,0.6397618661908769,0.0,0.18382996567523996,-1.0,,,,,Industrial Fire,A,CF-PairA-6
CF-PairA-6-2,forest/wildland,Industrial Fire,33.85405169172777,31.57168658812985,15.9322036747408,11.385768203871509,3,2,5.228937727371756,10.627220321767766,4.94272158744921,0.24507796722675385,0.537769124852387,7.621669479807837,-2.2221669024733757,-106.60303877317116,160.51307004258803,0.14492130675759302,True,0.5131535443467771,0.4372838875109124,0.18382996567523996,0.4080635467000451,,,,,Industrial Fire,A,CF-PairA-6
CF-PairA-7-1,dense industrial/urban,Industrial Fire,86.83839300202855,71.2710783322686,27.342701089075966,21.13692172194105,3,1,34.687088056697625,32.548002618745194,0.7863254988857759,1.0,0.10934439947963763,127.21025590038661,24.20660505420986,110.82178585185284,0.46847231064077527,0.18079380222692715,True,0.9600167744379285,0.15053107119024053,0.11002934143315876,0.15544084133617375,,,,,Industrial Fire,A,CF-PairA-7
CF-PairA-7-2,forest/wildland,Industrial Fire,86.83839300202855,71.2710783322686,27.342701089075966,21.13692172194105,3,1,34.687088056697625,32.548002618745194,0.7863254988857759,0.17303129283641044,0.7670361589095055,127.21025590038661,24.20660505420986,110.82178585185284,0.46847231064077527,0.18079380222692715,True,0.7879706607068327,0.676684478734135,0.11002934143315876,0.720281152783712,,,,,Industrial Fire,A,CF-PairA-7
CF-PairA-8-1,dense industrial/urban,Industrial Fire,24.342505974704007,19.014232455001913,33.09700421895945,9.476728167501628,6,1,11.996030003754719,9.191215284054524,0.42910400673523563,0.9746034611248111,0.20861371440731225,55.89757626632325,-77.21750868670412,-155.69677751536182,-66.43583181410348,0.28197933392470775,True,0.4161352612110591,0.09724924420024073,0.07243185122599641,0.1462590332287948,0.4161352612110591,0.09724924420024073,0.07243185122599641,0.1462590332287948,Industrial Fire,A,CF-PairA-8
CF-PairA-8-2,forest/wildland,Industrial Fire,24.342505974704007,19.014232455001913,33.09700421895945,9.476728167501628,6,1,11.996030003754719,9.191215284054524,0.42910400673523563,0.16194861089273943,0.6752508522406604,55.89757626632325,-77.21750868670412,-155.69677751536182,-66.43583181410348,0.28197933392470775,True,0.2536042911646447,0.4705589544669193,0.07243185122599641,0.7332115002073915,0.2536042911646447,0.4705589544669193,0.07243185122599641,0.7332115002073915,Industrial Fire,A,CF-PairA-8
CF-PairA-9-1,dense industrial/urban,Industrial Fire,18.81508532021293,12.637114112185294,17.30243755154151,8.684429349649113,1,1,7.254690388020888,7.281126580458268,0.0,0.9775750456546457,0.3774269759715584,49.50728814660409,8.118755002820066,-0.5130703981877218,21.20094413270571,0.06739675635302583,True,0.4021085003833159,0.43488026987875206,0.27795974459983824,0.22013428271656996,,,,,Industrial Fire,A,CF-PairA-9
CF-PairA-9-2,forest/wildland,Industrial Fire,18.81508532021293,12.637114112185294,17.30243755154151,8.684429349649113,1,1,7.254690388020888,7.281126580458268,0.0,0.207771783241029,0.8934162260053888,49.50728814660409,8.118755002820066,-0.5130703981877218,21.20094413270571,0.06739675635302583,True,0.24814784790059255,0.8476716699058165,0.27795974459983824,0.5061265330411728,,,,,Industrial Fire,A,CF-PairA-9
CF-PairA-10-1,dense industrial/urban,Industrial Fire,54.961060016604904,47.820448477302584,29.518844958344737,8.332792015905117,5,3,30.871335493665036,14.159405252340354,0.9833709986408641,1.0,0.38308517023031274,165.1651242581278,46.39562778589362,101.252048038559,90.37725008282632,0.4819242290432499,True,0.4010204984143632,0.28004776280874133,0.02847073980733389,0.8154357708473434,,,,,Industrial Fire,A,CF-PairA-10
CF-PairA-10-2,forest/wildland,Industrial Fire,54.961060016604904,47.820448477302584,29.518844958344737,8.332792015905117,5,3,30.871335493665036,14.159405252340354,0.9833709986408641,0.20829943319521282,0.8159617026931547,165.1651242581278,46.39562778589362,101.252048038559,90.37725008282632,0.4819242290432499,True,0.2362432947241508,0.6263489887790149,0.02847073980733389,0.91304251058899,,,,,Industrial Fire,A,CF-PairA-10
CF-PairA-11-1,dense industrial/urban,Industrial Fire,16.28155370922945,14.275152542219796,8.287948835878371,3.4996318816203336,1,1,8.747276076239382,5.365111084291578,0.0,0.8960089222322338,0.2323949674602775,20.983084616455596,-28.665646452796693,-135.78462014848617,-308.0564496295506,0.0,True,0.5301862339003482,0.18205934436541982,0.29086345219685783,-0.23006737806328176,0.5301862339003482,0.18205934436541982,0.29086345219685783,-0.23006737806328176,Industrial Fire,A,CF-PairA-11
CF-PairA-11-2,forest/wildland,Industrial Fire,16.28155370922945,14.275152542219796,8.287948835878371,3.4996318816203336,1,1,8.747276076239382,5.365111084291578,0.0,0.25210172286975346,0.9466999012054623,20.983084616455596,-28.665646452796693,-135.78462014848617,-308.0564496295506,0.0,True,0.4014047940278521,0.7535032913615678,0.29086345219685783,0.44298599320424287,0.4014047940278521,0.7535032913615678,0.29086345219685783,0.44298599320424287,Industrial Fire,A,CF-PairA-11
CF-PairA-12-1,dense industrial/urban,Industrial Fire,46.14604539009785,35.15778789474183,26.46678997634496,17.222890044418122,3,1,23.535379222097735,18.58367180532369,0.521250495681319,1.0,0.300575170758019,5.812229327559074,3.1489760049373245,-47.0028845629559,225.9784578852887,0.24508655610290442,False,,,,,,,,,Industrial Fire,A,CF-PairA-12
CF-PairA-12-2,forest/wildland,Industrial Fire,46.14604539009785,35.15778789474183,26.46678997634496,17.222890044418122,3,1,23.535379222097735,18.58367180532369,0.521250495681319,0.40317604858018113,0.6868574966707542,5.812229327559074,3.1489760049373245,-47.0028845629559,225.9784578852887,0.24508655610290442,False,,,,,,,,,Industrial Fire,A,CF-PairA-12
CF-PairA-13-1,dense industrial/urban,Industrial Fire,68.44577268403613,58.168816998710874,56.572624476622714,19.653813137145196,8,4,20.974802537622676,14.213691250704304,1.2482299155936372,1.0,0.09645306470370389,46.266651219402796,17.845768022498092,167.0666955745113,-46.21435700691936,0.714184899777389,True,0.7044072521748656,0.1642600842327932,0.13531360836976794,0.09662556018037276,0.7044072521748656,0.1642600842327932,0.13531360836976794,0.09662556018037276,Industrial Fire,A,CF-PairA-13
CF-PairA-13-2,forest/wildland,Industrial Fire,68.44577268403613,58.168816998710874,56.572624476622714,19.653813137145196,8,4,20.974802537622676,14.213691250704304,1.2482299155936372,0.29815017440523917,0.8311510533873856,46.266651219402796,17.845768022498092,167.0666955745113,-46.21435700691936,0.714184899777389,True,0.5223275405497374,0.7520184751797385,0.13531360836976794,0.6950102202357289,0.5223275405497374,0.7520184751797385,0.13531360836976794,0.6950102202357289,Industrial Fire,A,CF-PairA-13
CF-PairA-14-1,dense industrial/urban,Industrial Fire,48.06911920152345,38.994462946745934,34.639604215523775,9.985568249710678,2,1,4.526268570671079,18.665366300996432,6.595169175789166,0.8740879502671062,0.30663159276027113,3.823032827472492,49.787725618026656,-14.321729117607731,-131.32086437235816,0.3609461990140901,True,0.7245218600738738,0.24603670869155628,0.10600871862241673,0.3977554576905641,0.7245218600738738,0.24603670869155628,0.10600871862241673,0.3977554576905641,Industrial Fire,A,CF-PairA-14
CF-PairA-14-2,forest/wildland,Industrial Fire,48.06911920152345,38.994462946745934,34.639604215523775,9.985568249710678,2,1,4.526268570671079,18.665366300996432,6.595169175789166,0.016818187088215357,0.6560515327746863,3.823032827472492,49.787725618026656,-14.321729117607731,-131.32086437235816,0.3609461990140901,True,0.5530679074380956,0.5255726607030885,0.10600871862241673,0.6643070169813167,0.5530679074380956,0.5255726607030885,0.10600871862241673,0.6643070169813167,Industrial Fire,A,CF-PairA-14
CF-PairA-15-1,dense industrial/urban,Industrial Fire,76.07277622541991,49.42686530321651,63.09356366463713,20.53880183313823,10,8,46.34816030716138,24.137711394271324,1.1578486510767545,0.9919825511366889,0.45420322651064915,463.0888289683022,87.77411468416378,65.22808835991611,-98.23201944347724,0.0,True,0.8872352819506126,0.33513933758804404,0.2858258223626179,0.0794143027756087,0.8872352819506126,0.33513933758804404,0.2858258223626179,0.0794143027756087,Industrial Fire,A,CF-PairA-15
CF-PairA-15-2,forest/wildland,Industrial Fire,76.07277622541991,49.42686530321651,63.09356366463713,20.53880183313823,10,8,46.34816030716138,24.137711394271324,1.1578486510767545,0.1273512302770384,0.9639731293305758,463.0888289683022,87.77411468416378,65.22808835991611,-98.23201944347724,0.0,True,0.7143090177786825,0.7429552598439855,0.2858258223626179,0.4443408275946168,0.7143090177786825,0.7429552598439855,0.2858258223626179,0.4443408275946168,Industrial Fire,A,CF-PairA-15
CF-PairA-16-1,dense industrial/urban,Industrial Fire,30.26502268211247,18.275565922921032,14.78341179222339,7.328754956945204,1,1,16.378777355088296,11.217754134723496,0.06112584640098793,1.0,0.25868651310427687,239.27052364442733,-32.57562595431022,-62.46199061313381,-220.7832469212834,0.0,True,0.6990343984107138,0.09503218484612688,0.24343667689231094,-0.43845833050624367,0.6990343984107138,0.09503218484612688,0.24343667689231094,-0.43845833050624367,Industrial Fire,A,CF-PairA-16
CF-PairA-16-2,forest/wildland,Industrial Fire,30.26502268211247,18.275565922921032,14.78341179222339,7.328754956945204,1,1,16.378777355088296,11.217754134723496,0.06112584640098793,0.272413491107651,0.7179601101880263,239.27052364442733,-32.57562595431022,-62.46199061313381,-220.7832469212834,0.0,True,0.5380122046691473,0.4624510625131264,0.24343667689231094,0.3102680120287813,0.5380122046691473,0.4624510625131264,0.24343667689231094,0.3102680120287813,Industrial Fire,A,CF-PairA-16
CF-PairA-17-1,dense industrial/urban,Industrial Fire,13.135790571278152,10.863672982325502,19.45953674194226,4.1045645116992375,2,1,10.289552877051726,4.687871067572281,0.0,1.0,0.40211868522037775,226.56366753112312,61.713151136744074,19.269538453209833,201.96652523721494,0.2668134898955983,True,0.3389840856371474,0.28223709884636594,0.1491484569440874,0.3085143675207491,,,,,Industrial Fire,A,CF-PairA-17
CF-PairA-17-2,forest/wildland,Industrial Fire,13.135790571278152,10.863672982325502,19.45953674194226,4.1045645116992375,2,1,10.289552877051726,4.687871067572281,0.0,0.1381474505496669,0.7985020804156403,226.56366753112312,61.713151136744074,19.269538453209833,201.96652523721494,0.2668134898955983,True,0.14843317982240092,0.599343815002576,0.1491484569440874,0.6014696142254479,,,,,Industrial Fire,A,CF-PairA-17
CF-PairA-18-1,dense industrial/urban,Industrial Fire,65.39324635795688,42.203515050708425,18.76178964829528,6.041929313419962,1,1,33.248208166337164,30.1276865181607,0.121054131893683,1.0,0.22766228912642505,43.9496865189856,74.82740989313444,-51.625269370069816,3.109347230054724,0.08375765562312051,True,0.953359704001917,0.11568770797676656,0.21370197381490927,-0.2975632548809842,,,,,Industrial Fire,A,CF-PairA-18
CF-PairA-18-2,forest/wildland,Industrial Fire,65.39324635795688,42.203515050708425,18.76178964829528,6.041929313419962,1,1,33.248208166337164,30.1276865181607,0.121054131893683,0.36410004115762745,1.0,43.9496865189856,74.82740989313444,-51.625269370069816,3.109347230054724,0.08375765562312051,True,0.8213305383315912,0.7377257828900218,0.21370197381490927,0.5507762469427613,,,,,Industrial Fire,A,CF-PairA-18
CF-PairA-19-1,dense industrial/urban,Industrial Fire,88.48848935119707,61.435151009501496,1.0025506368470125,0.20705736397420443,1,1,73.28383514676176,21.229356067992182,0.38179073025556365,0.7607394023159078,0.4558060861128005,178.76201813705885,66.62096860672031,47.800151652650925,192.67826151419916,0.0,True,0.992989381771461,0.20502456409846564,0.24610456472737152,-0.09106040378245053,,,,,Industrial Fire,A,CF-PairA-19
CF-PairA-19-2,forest/wildland,Industrial Fire,88.48848935119707,61.435151009501496,1.0025506368470125,0.20705736397420443,1,1,73.28383514676176,21.229356067992182,0.38179073025556365,0.2304572835450474,0.7766909987785608,178.76201813705885,66.62096860672031,47.800151652650925,192.67826151419916,0.0,True,0.8869329580172889,0.461732494231074,0.24610456472737152,0.30462933068380244,,,,,Industrial Fire,A,CF-PairA-19
CF-PairA-20-1,dense industrial/urban,Industrial Fire,39.554255290805195,27.059914583867542,22.058908869904926,19.435812962727013,2,1,7.208089922565717,4.610408946952259,1.906463617296093,1.0,0.3400289950530619,74.48464646098691,86.98435066202822,-64.63728828660977,25.843733558527664,0.19994845422323437,True,0.6609099450412683,0.36863954411399,0.24563607897309678,0.20024148854016116,,,,,Industrial Fire,A,CF-PairA-20
CF-PairA-20-2,forest/wildland,Industrial Fire,39.554255290805195,27.059914583867542,22.058908869904926,19.435812962727013,2,1,7.208089922565717,4.610408946952259,1.906463617296093,0.3378234796832143,0.6530009215853512,74.48464646098691,86.98435066202822,-64.63728828660977,25.843733558527664,0.19994845422323437,True,0.5261829313295134,0.6190170853398214,0.24563607897309678,0.43182749081063665,,,,,Industrial Fire,A,CF-PairA-20
CF-PairA-21-1,dense industrial/urban,Industrial Fire,75.42486209962789,63.432300360903426,5.965133541949035,4.222214969658315,1,1,62.642344158453625,27.803808283667028,0.0,1.0,0.02734259110999028,43.6260084755491,-36.21462647765389,-170.39634622865458,34.3130484290844,0.424422446449885,False,,,,,,,,,Industrial Fire,A,CF-PairA-21
CF-PairA-21-2,forest/wildland,Industrial Fire,75.42486209962789,63.432300360903426,5.965133541949035,4.222214969658315,1,1,62.642344158453625,27.803808283667028,0.0,0.1558194220585366,0.5226766294898114,43.6260084755491,-36.21462647765389,-170.39634622865458,34.3130484290844,0.424422446449885,False,,,,,,,,,Industrial Fire,A,CF-PairA-21
CF-PairA-22-1,dense industrial/urban,Industrial Fire,34.514926722606646,21.262210781357172,14.219194162129902,7.287055167730694,1,1,17.43782215104994,13.45206462509563,0.9493818595963305,1.0,0.039624813842878075,55.77259419265641,84.87222320628342,-29.566858048836025,230.34812631513205,0.4064365941978287,True,0.3821791632103765,0.004773108589034496,0.1485415196868873,-0.9377344661405137,,,,,Industrial Fire,A,CF-PairA-22
CF-PairA-22-2,forest/wildland,Industrial Fire,34.514926722606646,21.262210781357172,14.219194162129902,7.287055167730694,1,1,17.43782215104994,13.45206462509563,0.9493818595963305,0.22932564737193212,0.6205361763255962,55.77259419265641,84.87222320628342,-29.566858048836025,230.34812631513205,0.4064365941978287,True,0.20605768412691933,0.46950219857520903,0.1485415196868873,0.519317112049686,,,,,Industrial Fire,A,CF-PairA-22
CF-PairA-23-1,dense industrial/urban,Industrial Fire,50.92512045989867,50.760329203975346,24.019913836368932,4.747963709128927,2,1,28.0824015797004,17.767788922694077,3.2549468589690935,1.0,0.0,94.29400696164761,46.8631687881888,113.60596537679163,-20.151189070725753,0.579113143555168,True,0.765007445972254,0.1387185383031707,0.19019086157828058,-0.15649392596764342,0.765007445972254,0.1387185383031707,0.19019086157828058,-0.15649392596764342,Industrial Fire,A,CF-PairA-23
CF-PairA-23-2,forest/wildland,Industrial Fire,50.92512045989867,50.760329203975346,24.019913836368932,4.747963709128927,2,1,28.0824015797004,17.767788922694077,3.2549468589690935,0.2359690838850324,0.7354513844703492,94.29400696164761,46.8631687881888,113.60596537679163,-20.151189070725753,0.579113143555168,True,0.5942157356403549,0.7386108195290815,0.19019086157828058,0.5904596956553182,0.5942157356403549,0.7386108195290815,0.19019086157828058,0.5904596956553182,Industrial Fire,A,CF-PairA-23
CF-PairA-24-1,dense industrial/urban,Industrial Fire,93.40573613980987,90.05095457923855,29.625019383752875,7.791359817529341,4,1,60.647999991915974,18.23061235813421,1.8423700710482263,0.9306331428480455,0.0,42.27035507539179,5.9772911486653015,-174.485921127707,171.01346970898834,0.0,True,1.0,0.10996320823980278,0.06531013820731169,0.2547624663854087,,,,,Industrial Fire,A,CF-PairA-24
CF-PairA-24-2,forest/wildland,Industrial Fire,93.40573613980987,90.05095457923855,29.625019383752875,7.791359817529341,4,1,60.647999991915974,18.23061235813421,1.8423700710482263,0.10297554687589215,0.660533243092126,42.27035507539179,5.9772911486653015,-174.485921127707,171.01346970898834,0.0,True,0.8364115357607484,0.6551786039119545,0.06531013820731169,0.8187060133231046,,,,,Industrial Fire,A,CF-PairA-24
CF-PairA-25-1,dense industrial/urban,Industrial Fire,45.02308251696062,30.355613941716054,16.87817106186787,13.286543822608312,2,1,28.763032158803004,12.293426315643096,0.736292630713794,0.9767783829437177,0.29919820845358414,4.889975514752868,8.89624403622426,-152.52198752723098,65.90122991641466,0.6799013289493886,True,0.6227654297305061,0.19794059538261322,0.35146080775108085,-0.27943178064856394,,,,,Industrial Fire,A,CF-PairA-25
CF-PairA-25-2,forest/wildland,Industrial Fire,45.02308251696062,30.355613941716054,16.87817106186787,13.286543822608312,2,1,28.763032158803004,12.293426315643096,0.736292630713794,0.3210124018669759,0.930157888317438,4.889975514752868,8.89624403622426,-152.52198752723098,65.90122991641466,0.6799013289493886,True,0.4916122335151577,0.7027083392736962,0.35146080775108085,0.3331984554034379,,,,,Industrial Fire,A,CF-PairA-25
CF-PairA-26-1,dense industrial/urban,Industrial Fire,44.68601630001311,35.347713134195104,30.202773512623473,25.877728028965596,4,1,27.919126283653046,17.62307908086725,0.0,1.0,0.3647425944175394,43.39907178146297,82.81876320736083,50.27451128601541,147.41369312667257,0.40262483434087676,True,0.6506631864184524,0.05331613055304715,0.23516856507697423,-0.6303711679636237,,,,,Industrial Fire,A,CF-PairA-26
CF-PairA-26-2,forest/wildland,Industrial Fire,44.68601630001311,35.347713134195104,30.202773512623473,25.877728028965596,4,1,27.919126283653046,17.62307908086725,0.0,0.4978591472470896,1.0,43.39907178146297,82.81876320736083,50.27451128601541,147.41369312667257,0.40262483434087676,True,0.5296919236186819,0.5756936204697347,0.23516856507697423,0.4199542924340067,,,,,Industrial Fire,A,CF-PairA-26
CF-PairA-27-1,dense industrial/urban,Industrial Fire,71.92429929127404,59.144557139794685,44.63845948095664,11.439303657116954,6,5,42.41686037890839,28.157330387535268,0.27531553623658606,0.8979546951231085,0.04232506246477061,41.27267680243776,27.96503629657903,-52.30304762971349,-160.43273457042983,0.1361277591623148,True,0.922360874388955,0.21826844174218243,0.2956028015800075,-0.15049365155725894,0.922360874388955,0.21826844174218243,0.2956028015800075,-0.15049365155725894,Industrial Fire,A,CF-PairA-27
CF-PairA-27-2,forest/wildland,Industrial Fire,71.92429929127404,59.144557139794685,44.63845948095664,11.439303657116954,6,5,42.41686037890839,28.157330387535268,0.27531553623658606,0.13009206748841878,0.5136106564167671,41.27267680243776,27.96503629657903,-52.30304762971349,-160.43273457042983,0.1361277591623148,True,0.768788348862017,0.5952969169037796,0.2956028015800075,0.3363948928324036,0.768788348862017,0.5952969169037796,0.2956028015800075,0.3363948928324036,Industrial Fire,A,CF-PairA-27
CF-PairA-28-1,dense industrial/urban,Industrial Fire,14.045147070467273,11.436383572067681,24.73821284929765,17.649114218208585,2,1,6.649138054328151,6.054714784403798,0.6179738162285406,0.9459968201949224,0.23491815617983566,75.20676593100985,31.767736588127335,34.552430689707165,20.28026703557774,0.39318401052382035,True,0.7743458647354562,0.15705192712417396,0.06003086011775996,0.4469311834396441,,,,,Industrial Fire,A,CF-PairA-28
CF-PairA-28-2,forest/wildland,Industrial Fire,14.045147070467273,11.436383572067681,24.73821284929765,17.649114218208585,2,1,6.649138054328151,6.054714784403798,0.6179738162285406,0.03745189377539063,0.9500330339500562,75.20676593100985,31.767736588127335,34.552430689707165,20.28026703557774,0.39318401052382035,True,0.5926368794515497,0.7291438293403504,0.06003086011775996,0.8478642031487849,,,,,Industrial Fire,A,CF-PairA-28
CF-PairA-29-1,dense industrial/urban,Industrial Fire,71.523306150174,51.05815715662833,29.67752748010115,8.227296587147407,4,3,45.18719248104715,32.98831946340028,0.8596941401757314,0.9273240982232595,0.24825613692048523,95.00951643452137,54.942382277519414,-146.86359914571918,121.86654490955328,0.4255740305031815,True,0.8246976752442174,0.143756817456694,0.30397806338957184,-0.3578484786131536,,,,,Industrial Fire,A,CF-PairA-29
CF-PairA-29-2,forest/wildland,Industrial Fire,71.523306150174,51.05815715662833,29.67752748010115,8.227296587147407,4,3,45.18719248104715,32.98831946340028,0.8596941401757314,0.16147043477358403,0.7803977495419456,95.00951643452137,54.942382277519414,-146.86359914571918,121.86654490955328,0.4255740305031815,True,0.6715269425542822,0.5694701075538624,0.30397806338957184,0.30395855529415744,,,,,Industrial Fire,A,CF-PairA-29
CF-PairA-30-1,dense industrial/urban,Industrial Fire,64.38516966702909,49.09777131372311,14.136312799024624,8.85203466593869,1,1,41.025795268486206,9.395809609332629,0.0,1.0,0.35493567446788726,74.38055455375432,-0.19467453202612717,145.76295923598047,-120.37517422506438,0.1378299928568546,True,0.7256689160818778,0.35896664443717874,0.1925474797489923,0.30174959695503534,0.7256689160818778,0.35896664443717874,0.1925474797489923,0.30174959695503534,Industrial Fire,A,CF-PairA-30
CF-PairA-30-2,forest/wildland,Industrial Fire,64.38516966702909,49.09777131372311,14.136312799024624,8.85203466593869,1,1,41.025795268486206,9.395809609332629,0.0,0.3211362210218593,0.8232121661444414,74.38055455375432,-0.19467453202612717,145.76295923598047,-120.37517422506438,0.1378299928568546,True,0.5776471027530566,0.7335878377784221,0.1925474797489923,0.5841914758999723,0.5776471027530566,0.7335878377784221,0.1925474797489923,0.5841914758999723,Industrial Fire,A,CF-PairA-30
CF-PairA-31-1,dense industrial/urban,Industrial Fire,36.26263570040983,26.020582398147454,11.154443924302239,5.578995493542854,2,1,24.664083411878934,14.62802999456963,1.0830166911564156,0.8408404817169834,0.1690706327051883,4.78012518245106,-58.392274679278344,163.68524455761872,-52.12553953664685,0.0,True,0.49433032437267743,0.2981932319584662,0.32502529446171047,-0.04305401936198857,0.49433032437267743,0.2981932319584662,0.32502529446171047,-0.04305401936198857,Industrial Fire,A,CF-PairA-31
CF-PairA-31-2,forest/wildland,Industrial Fire,36.26263570040983,26.020582398147454,11.154443924302239,5.578995493542854,2,1,24.664083411878934,14.62802999456963,1.0830166911564156,0.0,0.6267187518522543,4.78012518245106,-58.392274679278344,163.68524455761872,-52.12553953664685,0.0,True,0.30305570269303994,0.6643117272761191,0.32502529446171047,0.34294322901050617,0.30305570269303994,0.6643117272761191,0.32502529446171047,0.34294322901050617,Industrial Fire,A,CF-PairA-31
CF-PairA-32-1,dense industrial/urban,Industrial Fire,3.014883461370033,1.8807917467955584,26.50735253313358,2.9541512458763335,2,1,0.8945762181359933,0.58671069607905,1.4155314873720157,0.7666227389544573,0.4491279997425994,90.58044062186059,39.58972841042558,-32.65398383775866,73.97239220823896,0.5043131842742294,True,0.3721255979232003,0.12625486899222343,0.4487460080853079,-0.5608532994456646,,,,,Industrial Fire,A,CF-PairA-32
CF-PairA-32-2,forest/wildland,Industrial Fire,3.014883461370033,1.8807917467955584,26.50735253313358,2.9541512458763335,2,1,0.8945762181359933,0.58671069607905,1.4155314873720157,0.0,0.8246545021557602,90.58044062186059,39.58972841042558,-32.65398383775866,73.97239220823896,0.5043131842742294,True,0.20784506969542435,0.42667607092275206,0.4487460080853079,-0.02521062432828204,,,,,Industrial Fire,A,CF-PairA-32
CF-PairA-33-1,dense industrial/urban,Industrial Fire,42.232804052087715,29.513273878897294,3.0353988321483456,0.8921988071343605,1,1,17.055170446811008,15.681571504836368,0.0490307831329575,0.9894022547314179,0.19495930054577174,59.60795950825396,-35.16485426589999,-132.8003577517199,174.9983899520138,0.6759583901206265,True,0.8252601802655348,0.09690519670719003,0.16739861368438547,-0.26671358567535197,,,,,Industrial Fire,A,CF-PairA-33
CF-PairA-33-2,forest/wildland,Industrial Fire,42.232804052087715,29.513273878897294,3.0353988321483456,0.8921988071343605,1,1,17.055170446811008,15.681571504836368,0.0490307831329575,0.10567669170147681,0.8839234652226119,59.60795950825396,-35.16485426589999,-132.8003577517199,174.9983899520138,0.6759583901206265,True,0.6485150676595467,0.6480765284486621,0.16739861368438547,0.5894452079887585,,,,,Industrial Fire,A,CF-PairA-33
CF-PairA-34-1,dense industrial/urban,Industrial Fire,34.769796793330116,24.692950306941988,62.68812162930951,43.597775567514915,7,4,17.934916926458094,8.479966057769419,0.5059754777825125,0.9609792870050013,0.0,65.29504139912275,-43.31245320471657,146.6256974519481,32.24671044325848,0.2480838911098176,True,0.5566785510246639,0.037105380683399594,0.3091075580418562,-0.7856499481502897,,,,,Industrial Fire,A,CF-PairA-34
CF-PairA-34-2,forest/wildland,Industrial Fire,34.769796793330116,24.692950306941988,62.68812162930951,43.597775567514915,7,4,17.934916926458094,8.479966057769419,0.5059754777825125,0.07931047831605004,0.6837785474420625,65.29504139912275,-43.31245320471657,146.6256974519481,32.24671044325848,0.2480838911098176,True,0.38034478928687365,0.6556952851064846,0.3091075580418562,0.3592316601531197,,,,,Industrial Fire,A,CF-PairA-34
CF-PairA-35-1,dense industrial/urban,Industrial Fire,45.44994613018518,31.263370484846185,17.91243451204478,14.470823450873498,4,1,17.080329400492978,7.63475171754194,1.338279444539189,1.0,0.14617290482343637,47.85294873872299,-32.04985308582399,52.09513976208925,-155.3425769331444,0.0,True,0.5844537488389696,0.2564812609166417,0.2474202627042939,0.01798168449112293,0.5844537488389696,0.2564812609166417,0.2474202627042939,0.01798168449112293,Industrial Fire,A,CF-PairA-35
CF-PairA-35-2,forest/wildland,Industrial Fire,45.44994613018518,31.263370484846185,17.91243451204478,14.470823450873498,4,1,17.080329400492978,7.63475171754194,1.338279444539189,0.3061146380141677,0.9509175804664103,47.85294873872299,-32.04985308582399,52.09513976208925,-155.3425769331444,0.0,True,0.43362282332667784,0.900277001431021,0.2474202627042939,0.5688405463078235,0.43362282332667784,0.900277001431021,0.2474202627042939,0.5688405463078235,Industrial Fire,A,CF-PairA-35
CF-PairA-36-1,dense industrial/urban,Industrial Fire,98.65621312530816,62.43922443787278,17.175543731211295,7.480295903666945,1,1,17.677621181098875,23.37023492333311,2.231750952520053,0.8971646095877288,0.3010935089178736,78.79068671989002,-6.367327895165602,-20.42295617336535,143.70539389366704,0.38112609143009313,True,1.0,0.21507508522422872,0.06293169211952429,0.5472650507242146,,,,,Industrial Fire,A,CF-PairA-36
CF-PairA-36-2,forest/wildland,Industrial Fire,98.65621312530816,62.43922443787278,17.175543731211295,7.480295903666945,1,1,17.677621181098875,23.37023492333311,2.231750952520053,0.12394822704831625,0.7376827635632559,78.79068671989002,-6.367327895165602,-20.42295617336535,143.70539389366704,0.38112609143009313,True,1.0,0.5643464889405345,0.06293169211952429,0.7993499725650464,,,,,Industrial Fire,A,CF-PairA-36
CF-PairA-37-1,dense industrial/urban,Industrial Fire,32.32549609600132,27.846494977608202,47.131895344598306,27.55598350594178,5,1,17.506213608754393,15.603767522360519,1.3295006507559044,0.8938303530174456,0.05368853996388117,113.98250974869606,-31.41651829194656,68.90794052088643,-23.968243849620926,0.35084610387205584,True,0.5606213384485871,0.0,0.17481931038161072,-1.0,0.5606213384485871,0.0,0.17481931038161072,-1.0,Industrial Fire,A,CF-PairA-37
CF-PairA-37-2,forest/wildland,Industrial Fire,32.32549609600132,27.846494977608202,47.131895344598306,27.55598350594178,5,1,17.506213608754393,15.603767522360519,1.3295006507559044,0.0,0.7457884056224803,113.98250974869606,-31.41651829194656,68.90794052088643,-23.968243849620926,0.35084610387205584,True,0.37750446488208794,0.5309445513495485,0.17481931038161072,0.5045954607174172,0.37750446488208794,0.5309445513495485,0.17481931038161072,0.5045954607174172,Industrial Fire,A,CF-PairA-37
CF-PairA-38-1,dense industrial/urban,Industrial Fire,90.73167636104617,57.9085386870962,15.658450818751174,9.982679316207964,1,1,40.10184552124279,42.83111872583504,0.0,1.0,0.03657273297586171,171.42521709227952,-70.42512263060374,1.7623093331482096,149.09771468383303,0.0,True,0.7781916283503657,0.31124658194728616,0.3775075314528493,-0.09620407082355746,,,,,Industrial Fire,A,CF-PairA-38
CF-PairA-38-2,forest/wildland,Industrial Fire,90.73167636104617,57.9085386870962,15.658450818751174,9.982679316207964,1,1,40.10184552124279,42.83111872583504,0.0,0.38205980335138345,0.6232880152722691,171.42521709227952,-70.42512263060374,1.7623093331482096,149.09771468383303,0.0,True,0.651488393857303,0.7806188077844121,0.3775075314528493,0.34807193539614223,,,,,Industrial Fire,A,CF-PairA-38
CF-PairA-39-1,dense industrial/urban,Industrial Fire,8.787555477273953,5.800123233288347,35.25187686784753,14.091492527367686,6,2,4.629029881088091,3.056737750800359,0.14451058170319908,1.0,0.2000915825057688,196.88481106061244,31.11476446600625,-130.93326534397949,-81.81694826474808,0.5772498337433285,True,0.35258780979011967,0.05398861660076415,0.14179108180077118,-0.44847584257652773,0.35258780979011967,0.05398861660076415,0.14179108180077118,-0.44847584257652773,Industrial Fire,A,CF-PairA-39
CF-PairA-39-2,forest/wildland,Industrial Fire,8.787555477273953,5.800123233288347,35.25187686784753,14.091492527367686,6,2,4.629029881088091,3.056737750800359,0.14451058170319908,0.42510807945377543,0.7413933816296102,196.88481106061244,31.11476446600625,-130.93326534397949,-81.81694826474808,0.5772498337433285,True,0.23188652325696799,0.4870300558998373,0.14179108180077118,0.5490257139915672,0.23188652325696799,0.4870300558998373,0.14179108180077118,0.5490257139915672,Industrial Fire,A,CF-PairA-39
CF-PairA-40-1,dense industrial/urban,Industrial Fire,71.68346145960197,44.770959622786755,20.547713096741695,5.274855346577571,1,1,4.910281007718967,12.436200079277064,7.896670214003225,0.9793143862820473,0.16441526407058651,118.71976447044852,49.983356076481414,149.86008660549913,-150.15838014747595,0.24098493058836326,True,0.9691288312442657,0.200149386583314,0.2319832952156495,-0.07366697769724638,0.9691288312442657,0.200149386583314,0.2319832952156495,-0.07366697769724638,Industrial Fire,A,CF-PairA-40
CF-PairA-40-2,forest/wildland,Industrial Fire,71.68346145960197,44.770959622786755,20.547713096741695,5.274855346577571,1,1,4.910281007718967,12.436200079277064,7.896670214003225,0.06586735356814041,0.776351660617258,118.71976447044852,49.983356076481414,149.86008660549913,-150.15838014747595,0.24098493058836326,True,0.7864394247014844,0.6896985038206512,0.2319832952156495,0.4966087093003064,0.7864394247014844,0.6896985038206512,0.2319832952156495,0.4966087093003064,Industrial Fire,A,CF-PairA-40
CF-PairA-41-1,dense industrial/urban,Industrial Fire,63.2173664295667,40.56518670121478,20.6178218941751,14.604549016096026,2,1,54.292906755401226,7.376419433665077,0.0,1.0,0.05391450523288919,42.19697580500573,-51.69953284083064,136.95244829255637,-145.99572657246608,0.0,True,0.7202998005995966,0.11300026206685465,0.30209739475878367,-0.4555485428128042,0.7202998005995966,0.11300026206685465,0.30209739475878367,-0.4555485428128042,Industrial Fire,A,CF-PairA-41
CF-PairA-41-2,forest/wildland,Industrial Fire,63.2173664295667,40.56518670121478,20.6178218941751,14.604549016096026,2,1,54.292906755401226,7.376419433665077,0.0,0.3499950122594109,0.8106953933514752,42.19697580500573,-51.69953284083064,136.95244829255637,-145.99572657246608,0.0,True,0.5624120443799279,0.7184249725617236,0.30209739475878367,0.4079553678926738,0.5624120443799279,0.7184249725617236,0.30209739475878367,0.4079553678926738,Industrial Fire,A,CF-PairA-41
CF-PairA-42-1,dense industrial/urban,Industrial Fire,42.31215331898902,25.94055444715829,4.306188877513169,0.8767566093515229,1,1,11.092811418046134,9.900481427126259,2.050845734142414,1.0,0.1463229169055924,158.46098502923687,62.483893505731885,75.8581534573959,143.75328480995384,0.21555008135228942,True,0.8637101215419355,0.21924545100492598,0.33924569812785443,-0.21486508301745455,,,,,Industrial Fire,A,CF-PairA-42
CF-PairA-42-2,forest/wildland,Industrial Fire,42.31215331898902,25.94055444715829,4.306188877513169,0.8767566093515229,1,1,11.092811418046134,9.900481427126259,2.050845734142414,0.47010592422423914,0.8524139344041132,158.46098502923687,62.483893505731885,75.8581534573959,143.75328480995384,0.21555008135228942,True,0.7434386491069611,0.7841182650037426,0.33924569812785443,0.3960181931025442,,,,,Industrial Fire,A,CF-PairA-42
CF-PairA-43-1,dense industrial/urban,Industrial Fire,31.255313928892285,20.643942362036356,28.746181067065933,20.87238503519764,2,1,24.26095325869559,12.460340919187166,0.0,0.8685664215314421,0.5422084594433917,56.62025211440934,65.31154014537285,95.32889029850458,7.329803179712907,0.7775522521661324,True,0.5114503169214089,0.06640524650441504,0.1611295093136224,-0.4163067856101932,,,,,Industrial Fire,A,CF-PairA-43
CF-PairA-43-2,forest/wildland,Industrial Fire,31.255313928892285,20.643942362036356,28.746181067065933,20.87238503519764,2,1,24.26095325869559,12.460340919187166,0.0,0.09842261240526529,1.0,56.62025211440934,65.31154014537285,95.32889029850458,7.329803179712907,0.7775522521661324,True,0.35742155509617346,0.4899133763192795,0.1611295093136224,0.5050110741722255,,,,,Industrial Fire,A,CF-PairA-43
CF-PairA-44-1,dense industrial/urban,Industrial Fire,28.12012400387411,27.862137307765362,15.324491451942517,10.835743062411689,1,1,11.476246471351907,3.981120682266326,1.4962212353853905,0.8726992196397549,0.15563665735710946,24.03796143427977,-28.30530707378056,-15.263218325549587,-257.02957672653713,0.14944316288876427,True,0.42161386070082385,0.35096328916749875,0.10456798636535089,0.5408965663530595,0.42161386070082385,0.35096328916749875,0.10456798636535089,0.5408965663530595,Industrial Fire,A,CF-PairA-44
CF-PairA-44-2,forest/wildland,Industrial Fire,28.12012400387411,27.862137307765362,15.324491451942517,10.835743062411689,1,1,11.476246471351907,3.981120682266326,1.4962212353853905,0.0,0.7641457198052002,24.03796143427977,-28.30530707378056,-15.263218325549587,-257.02957672653713,0.14944316288876427,True,0.23061507454741997,0.8377705391259713,0.10456798636535089,0.7780670458934477,0.23061507454741997,0.8377705391259713,0.10456798636535089,0.7780670458934477,Industrial Fire,A,CF-PairA-44
CF-PairA-45-1,dense industrial/urban,Industrial Fire,59.37236585461174,58.576616009336824,15.435763651466562,4.696831152437601,2,1,27.304385150091104,23.482539747939924,0.14773702374612196,1.0,0.0,195.18697132541928,-13.730532744527096,89.03800180949514,-27.85836323058039,0.6491167905209551,True,0.9783807561902196,0.0,0.0,0.0,0.9783807561902196,0.0,0.0,0.0,Industrial Fire,A,CF-PairA-45
CF-PairA-45-2,forest/wildland,Industrial Fire,59.37236585461174,58.576616009336824,15.435763651466562,4.696831152437601,2,1,27.304385150091104,23.482539747939924,0.14773702374612196,0.48901884846992666,0.6006584441909693,195.18697132541928,-13.730532744527096,89.03800180949514,-27.85836323058039,0.6491167905209551,True,0.8356199013459821,0.44346088163497593,0.0,1.0,0.8356199013459821,0.44346088163497593,0.0,1.0,Industrial Fire,A,CF-PairA-45
CF-PairA-46-1,dense industrial/urban,Industrial Fire,40.852768640103825,24.570029724166144,18.504532327252,7.104940350909542,1,1,27.913317686118855,10.454703147871676,0.0,1.0,0.12567021835465295,71.26744401660345,65.77862028583459,-3.8131807228916443,103.29872838736496,0.0,True,0.6836899783233619,0.1339780916177664,0.11996329315336973,0.0551891078211905,,,,,Industrial Fire,A,CF-PairA-46
CF-PairA-46-2,forest/wildland,Industrial Fire,40.852768640103825,24.570029724166144,18.504532327252,7.104940350909542,1,1,27.913317686118855,10.454703147871676,0.0,0.07858702913811036,0.7333593909030849,71.26744401660345,65.77862028583459,-3.8131807228916443,103.29872838736496,0.0,True,0.4950642600435192,0.620129429656512,0.11996329315336973,0.6758155040414133,,,,,Industrial Fire,A,CF-PairA-46
CF-PairA-47-1,dense industrial/urban,Industrial Fire,86.79655693276273,79.05589782773725,1.0,0.3598108835700574,1,1,69.82737500740615,42.33749293195202,0.0,0.9772863949891515,0.3310692357467348,88.7216936093688,34.807185766895856,-44.18536899033981,191.80110521687996,0.0,True,1.0,0.24766735269190074,0.2972802821109309,-0.09104164556468014,,,,,Industrial Fire,A,CF-PairA-47
CF-PairA-47-2,forest/wildland,Industrial Fire,86.79655693276273,79.05589782773725,1.0,0.3598108835700574,1,1,69.82737500740615,42.33749293195202,0.0,0.032904581447289014,0.895006160421002,88.7216936093688,34.807185766895856,-44.18536899033981,191.80110521687996,0.0,True,0.8583036010480822,0.6988168924313146,0.2972802821109309,0.40310987781378765,,,,,Industrial Fire,A,CF-PairA-47
CF-PairA-48-1,dense industrial/urban,Industrial Fire,19.36672315282662,15.29403897943187,9.382728776929943,2.135354756447751,1,1,11.121353728474423,3.1946350639423886,0.964876145972402,0.8200309209614877,0.17238840358632293,145.0054877536247,38.30345557137031,-106.75309415450683,116.3173733379564,0.8777617150958605,True,,,,,,,,,Industrial Fire,A,CF-PairA-48
CF-PairA-48-2,forest/wildland,Industrial Fire,19.36672315282662,15.29403897943187,9.382728776929943,2.135354756447751,1,1,11.121353728474423,3.1946350639423886,0.964876145972402,0.30019729900606107,0.9946685669431474,145.0054877536247,38.30345557137031,-106.75309415450683,116.3173733379564,0.8777617150958605,True,,,,,,,,,Industrial Fire,A,CF-PairA-48
CF-PairA-49-1,dense industrial/urban,Industrial Fire,66.83313808023739,61.911447165480034,26.429184968835898,21.69928899316423,4,2,25.250473495512917,28.70152578638599,1.302248972732794,0.8759630581514395,0.2399758225963257,59.44310127328788,-1.409931626946232,-128.33220950236347,-134.5730100160122,0.38475459568286224,True,0.7837581280060449,0.1274021227277376,0.16460003723598893,-0.12738917586387777,0.7837581280060449,0.1274021227277376,0.16460003723598893,-0.12738917586387777,Industrial Fire,A,CF-PairA-49
CF-PairA-49-2,forest/wildland,Industrial Fire,66.83313808023739,61.911447165480034,26.429184968835898,21.69928899316423,4,2,25.250473495512917,28.70152578638599,1.302248972732794,0.013414325995037016,0.7022652907595015,59.44310127328788,-1.409931626946232,-128.33220950236347,-134.5730100160122,0.38475459568286224,True,0.6112483815747644,0.49723369725827826,0.16460003723598893,0.5025939940587459,0.6112483815747644,0.49723369725827826,0.16460003723598893,0.5025939940587459,Industrial Fire,A,CF-PairA-49
CF-PairA-50-1,dense industrial/urban,Industrial Fire,11.455383733067393,10.77422782602223,23.31874984493213,13.46557710059297,2,1,2.847258087543837,3.031974776072479,3.1911446741589695,0.9881897822897697,0.27859354709224426,27.02090541751404,-65.73156483040185,75.74345780096166,512.484980601037,0.44799814533384963,True,0.36699157292909496,0.2547244609049618,0.3198134133336803,-0.11328922834716881,,,,,Industrial Fire,A,CF-PairA-50
CF-PairA-50-2,forest/wildland,Industrial Fire,11.455383733067393,10.77422782602223,23.31874984493213,13.46557710059297,2,1,2.847258087543837,3.031974776072479,3.1911446741589695,0.23492307268072052,0.645797392491615,27.02090541751404,-65.73156483040185,75.74345780096166,512.484980601037,0.44799814533384963,True,0.21633823100728508,0.5484875372244585,0.3198134133336803,0.26335814068127855,,,,,Industrial Fire,A,CF-PairA-50
CF-PairA-51-1,dense industrial/urban,Industrial Fire,114.81264698386997,101.74785254887738,13.315443296004382,8.430639426139734,1,1,61.54393778734577,46.737741897146286,2.081947390944028,1.0,0.2026079413855541,121.5573366661934,12.672643216806804,62.33338040684106,69.21894712338711,0.0,True,1.0,0.14103328864461723,0.11972178211156731,0.08172997929147445,,,,,Industrial Fire,A,CF-PairA-51
CF-PairA-51-2,forest/wildland,Industrial Fire,114.81264698386997,101.74785254887738,13.315443296004382,8.430639426139734,1,1,61.54393778734577,46.737741897146286,2.081947390944028,0.21016924293813857,0.8861673478805149,121.5573366661934,12.672643216806804,62.33338040684106,69.21894712338711,0.0,True,1.0,0.6878808138405859,0.11972178211156731,0.7035131320487725,,,,,Industrial Fire,A,CF-PairA-51
CF-PairA-52-1,dense industrial/urban,Industrial Fire,36.090344461341104,35.06026516456621,33.701344667053846,19.925121744119622,4,1,1.0160684723707234,3.913846165208126,10.0,0.8119832408085328,0.15750162792786643,38.028221206543265,-85.90202846825952,-19.467611141164866,-100.71501977612468,0.8303335292795797,True,,,,,,,,,Industrial Fire,A,CF-PairA-52
CF-PairA-52-2,forest/wildland,Industrial Fire,36.090344461341104,35.06026516456621,33.701344667053846,19.925121744119622,4,1,1.0160684723707234,3.913846165208126,10.0,0.0,0.8311437140183207,38.028221206543265,-85.90202846825952,-19.467611141164866,-100.71501977612468,0.8303335292795797,True,,,,,,,,,Industrial Fire,A,CF-PairA-52
CF-PairA-53-1,dense industrial/urban,Industrial Fire,48.547859385892956,39.36327682331595,49.4805627234063,10.464970196633827,6,4,20.769812490868553,19.214513311654205,0.3823174408833738,1.0,0.03030525172081408,65.25998971586701,45.64471925923954,25.333182311250937,-19.816105153655435,0.49380435815358054,False,,,,,,,,,Industrial Fire,A,CF-PairA-53
CF-PairA-53-2,forest/wildland,Industrial Fire,48.547859385892956,39.36327682331595,49.4805627234063,10.464970196633827,6,4,20.769812490868553,19.214513311654205,0.3823174408833738,0.1491016408342789,0.8802006882266675,65.25998971586701,45.64471925923954,25.333182311250937,-19.816105153655435,0.49380435815358054,False,,,,,,,,,Industrial Fire,A,CF-PairA-53
CF-PairA-54-1,dense industrial/urban,Industrial Fire,83.95579179247925,68.19783552015211,31.260786753042783,21.80063834847281,3,1,27.968905135978964,26.722923139746896,1.5374791393599,0.8289799203827976,0.14511259634895768,14.584936000094793,5.870177102654651,-106.40164362176266,-69.71045239294173,0.3388538798107859,True,0.8591511237622055,0.06100344612951748,0.050154498814399234,0.09759938725560231,0.8591511237622055,0.06100344612951748,0.050154498814399234,0.09759938725560231,Industrial Fire,A,CF-PairA-54
CF-PairA-54-2,forest/wildland,Industrial Fire,83.95579179247925,68.19783552015211,31.260786753042783,21.80063834847281,3,1,27.968905135978964,26.722923139746896,1.5374791393599,0.20311226923575665,0.7034990332086051,14.584936000094793,5.870177102654651,-106.40164362176266,-69.71045239294173,0.3388538798107859,True,0.7339775935327972,0.5077125956172354,0.050154498814399234,0.8201919442282302,0.7339775935327972,0.5077125956172354,0.050154498814399234,0.8201919442282302,Industrial Fire,A,CF-PairA-54
CF-PairA-55-1,dense industrial/urban,Industrial Fire,95.7973563042546,87.78305885416054,23.991740214234266,6.932281212553541,3,1,38.3709816187199,21.367856806359818,1.7965059827276026,0.7682074477652567,0.17561469361848883,15.451638190485445,-34.560166594950466,-153.08172872967847,-171.0335019875271,0.3404030557495312,True,0.7369226387138152,0.0,0.09314223147147581,-1.0,0.7369226387138152,0.0,0.09314223147147581,-1.0,Industrial Fire,A,CF-PairA-55
CF-PairA-55-2,forest/wildland,Industrial Fire,95.7973563042546,87.78305885416054,23.991740214234266,6.932281212553541,3,1,38.3709816187199,21.367856806359818,1.7965059827276026,0.0,0.8852354933551628,15.451638190485445,-34.560166594950466,-153.08172872967847,-171.0335019875271,0.3404030557495312,True,0.5638505336249391,0.5497833138034288,0.09314223147147581,0.7102549987132656,0.5638505336249391,0.5497833138034288,0.09314223147147581,0.7102549987132656,Industrial Fire,A,CF-PairA-55
CF-PairA-56-1,dense industrial/urban,Industrial Fire,69.03418574945567,61.70877124400502,16.119151961344343,3.3264066435603206,1,1,43.37070714019658,20.29921836259117,0.815002737491406,0.6873537822217204,0.12348779535855402,166.4111698467734,-3.0681888874645864,60.35574215847447,47.99958721254741,0.0,True,0.772392084542745,0.14833521174896006,0.22489724755258508,-0.20513230801763782,,,,,Industrial Fire,A,CF-PairA-56
CF-PairA-56-2,forest/wildland,Industrial Fire,69.03418574945567,61.70877124400502,16.119151961344343,3.3264066435603206,1,1,43.37070714019658,20.29921836259117,0.815002737491406,0.1869511573906174,0.6758718559979999,166.4111698467734,-3.0681888874645864,60.35574215847447,47.99958721254741,0.0,True,0.6723115595765244,0.5902424602605169,0.22489724755258508,0.4481995039698144,,,,,Industrial Fire,A,CF-PairA-56
CF-PairA-57-1,dense industrial/urban,Industrial Fire,53.480942247087725,33.347548798630115,25.998157703866625,20.274752871521226,4,2,13.554089443262775,10.143444780470286,1.9236881240068908,1.0,0.0,25.472188894978004,20.40293965133219,50.09257140607539,73.67123296358237,1.0,True,,,,,,,,,Industrial Fire,A,CF-PairA-57
CF-PairA-57-2,forest/wildland,Industrial Fire,53.480942247087725,33.347548798630115,25.998157703866625,20.274752871521226,4,2,13.554089443262775,10.143444780470286,1.9236881240068908,0.3074488907389421,0.7430307455619132,25.472188894978004,20.40293965133219,50.09257140607539,73.67123296358237,1.0,True,,,,,,,,,Industrial Fire,A,CF-PairA-57
CF-PairA-58-1,dense industrial/urban,Industrial Fire,40.31839562928544,24.375777148321376,52.55102079902218,17.401251629540305,4,1,19.483991274521188,9.021349460582263,0.0,1.0,0.174897715883939,269.02099383051643,53.474114182820244,-81.02339979136896,93.32369864990265,0.7614222827961498,False,,,,,,,,,Industrial Fire,A,CF-PairA-58
CF-PairA-58-2,forest/wildland,Industrial Fire,40.31839562928544,24.375777148321376,52.55102079902218,17.401251629540305,4,1,19.483991274521188,9.021349460582263,0.0,0.36761919930324577,0.8557054568877929,269.02099383051643,53.474114182820244,-81.02339979136896,93.32369864990265,0.7614222827961498,False,,,,,,,,,Industrial Fire,A,CF-PairA-58
CF-PairA-59-1,dense industrial/urban,Industrial Fire,47.61109039235302,30.75358382333193,20.088192661705214,12.825675654221541,2,1,43.01049428331104,20.757905610222373,0.0,0.909767302789328,0.0,39.88158050879625,-83.90858094736265,136.0801216442884,-105.02399956085038,0.30371484213109123,True,0.7952580354262655,0.11104328854335149,0.07654125444192389,0.18392791619369125,0.7952580354262655,0.11104328854335149,0.07654125444192389,0.18392791619369125,Industrial Fire,A,CF-PairA-59
CF-PairA-59-2,forest/wildland,Industrial Fire,47.61109039235302,30.75358382333193,20.088192661705214,12.825675654221541,2,1,43.01049428331104,20.757905610222373,0.0,0.027173290380418172,0.44949891603434255,39.88158050879625,-83.90858094736265,136.0801216442884,-105.02399956085038,0.30371484213109123,True,0.6187392329444836,0.664547363275825,0.07654125444192389,0.7934356226448603,0.6187392329444836,0.664547363275825,0.07654125444192389,0.7934356226448603,Industrial Fire,A,CF-PairA-59
CF-PairA-60-1,dense industrial/urban,Industrial Fire,46.5207297584627,28.842104623826394,16.462225980419266,4.198985993622846,1,1,28.925124931242536,10.85794057976406,0.42053295586376294,0.9302599278149595,0.37732935032481135,391.32830208427544,61.45719351602909,-163.64815229945643,-30.54931976657472,0.9301119382648306,True,,,,,,,,,Industrial Fire,A,CF-PairA-60
CF-PairA-60-2,forest/wildland,Industrial Fire,46.5207297584627,28.842104623826394,16.462225980419266,4.198985993622846,1,1,28.925124931242536,10.85794057976406,0.42053295586376294,0.155397550988638,0.9607626056185867,391.32830208427544,61.45719351602909,-163.64815229945643,-30.54931976657472,0.9301119382648306,True,,,,,,,,,Industrial Fire,A,CF-PairA-60
CF-PairA-61-1,dense industrial/urban,Industrial Fire,55.96624837378403,50.70750480121713,15.951132598883317,4.379319904717128,1,1,40.344545121512624,5.7264441426498545,0.0,0.936058437102239,0.07852552741440014,203.47472798553662,37.82246066009213,3.4119082139594354,249.24931992661206,0.24836634299151616,True,0.6593332853208749,0.32957337305985934,0.0,1.0,,,,,Industrial Fire,A,CF-PairA-61
CF-PairA-61-2,forest/wildland,Industrial Fire,55.96624837378403,50.70750480121713,15.951132598883317,4.379319904717128,1,1,40.344545121512624,5.7264441426498545,0.0,0.3245369096132248,0.632431548773541,203.47472798553662,37.82246066009213,3.4119082139594354,249.24931992661206,0.24836634299151616,True,0.5370289798230721,0.7726981901471721,0.0,1.0,,,,,Industrial Fire,A,CF-PairA-61
CF-PairA-62-1,dense industrial/urban,Industrial Fire,29.0125408165276,18.28159263888398,26.685757673783574,21.289576332438745,6,1,19.114217009546458,11.169511926996021,0.0,0.9168188713279292,0.018779928135616797,196.88563940317178,-10.354493623187437,-113.66445503730279,-116.41747881233499,0.7082351167591635,True,0.4747607552028734,0.086573439244445,0.2547281449051853,-0.49268656657339005,0.4747607552028734,0.086573439244445,0.2547281449051853,-0.49268656657339005,Industrial Fire,A,CF-PairA-62
CF-PairA-62-2,forest/wildland,Industrial Fire,29.0125408165276,18.28159263888398,26.685757673783574,21.289576332438745,6,1,19.114217009546458,11.169511926996021,0.0,0.0,0.520370373916501,196.88563940317178,-10.354493623187437,-113.66445503730279,-116.41747881233499,0.7082351167591635,True,0.27774502482081875,0.4878457958691524,0.2547281449051853,0.3139319038328732,0.27774502482081875,0.4878457958691524,0.2547281449051853,0.3139319038328732,Industrial Fire,A,CF-PairA-62
CF-PairA-63-1,dense industrial/urban,Industrial Fire,104.33049026188601,71.72855091929581,18.210195310123773,9.326058499597947,2,1,81.32832245267295,27.34354924159874,1.5229053273098523,0.9062547870860904,0.11600618879467373,85.15647601464427,-56.205691875037445,-145.4518241076255,21.41391412727273,0.0,True,0.9077709135009067,0.0,0.23005337414955648,-1.0,,,,,Industrial Fire,A,CF-PairA-63
CF-PairA-63-2,forest/wildland,Industrial Fire,104.33049026188601,71.72855091929581,18.210195310123773,9.326058499597947,2,1,81.32832245267295,27.34354924159874,1.5229053273098523,0.10415954992711512,0.87955041190492,85.15647601464427,-56.205691875037445,-145.4518241076255,21.41391412727273,0.0,True,0.7473518660691116,0.4777497907276357,0.23005337414955648,0.34995098760409743,,,,,Industrial Fire,A,CF-PairA-63
CF-PairA-64-1,dense industrial/urban,Industrial Fire,60.723100617574644,52.22352809343729,36.064506116048044,16.965925129376203,3,2,30.69060945142078,23.71534552452004,2.007923624898665,0.8336343570596649,0.3853721947034694,217.66321725819034,79.7044456558097,135.22333908398366,-206.5418485824635,0.33523730535358104,True,0.7143589180176192,0.34869434674093486,0.20401937402879225,0.26175390129751713,0.7143589180176192,0.34869434674093486,0.20401937402879225,0.26175390129751713,Industrial Fire,A,CF-PairA-64
CF-PairA-64-2,forest/wildland,Industrial Fire,60.723100617574644,52.22352809343729,36.064506116048044,16.965925129376203,3,2,30.69060945142078,23.71534552452004,2.007923624898665,0.08332229586291177,0.9068493065179029,217.66321725819034,79.7044456558097,135.22333908398366,-206.5418485824635,0.33523730535358104,True,0.5642965057782685,0.7658760361924817,0.20401937402879225,0.5792961346579693,0.5642965057782685,0.7658760361924817,0.20401937402879225,0.5792961346579693,Industrial Fire,A,CF-PairA-64
CF-PairA-65-1,dense industrial/urban,Industrial Fire,46.341437364506795,43.82956989908861,27.049831841272713,21.56042845964041,3,2,17.82260844174572,14.432135868047446,2.2397885329568292,1.0,0.3672833918839811,14.778615790891122,12.086302005006957,151.4697849946719,-111.25208619861544,0.09874035562343425,True,0.6418374787984542,0.05995435957369921,0.13079785051709936,-0.37139014488837874,0.6418374787984542,0.05995435957369921,0.13079785051709936,-0.37139014488837874,Industrial Fire,A,CF-PairA-65
CF-PairA-65-2,forest/wildland,Industrial Fire,46.341437364506795,43.82956989908861,27.049831841272713,21.56042845964041,3,2,17.82260844174572,14.432135868047446,2.2397885329568292,0.43083239845194593,0.8574381184601587,14.778615790891122,12.086302005006957,151.4697849946719,-111.25208619861544,0.09874035562343425,True,0.5130249141462656,0.45207814083464126,0.13079785051709936,0.551198359658741,0.5130249141462656,0.45207814083464126,0.13079785051709936,0.551198359658741,Industrial Fire,A,CF-PairA-65
CF-PairA-66-1,dense industrial/urban,Industrial Fire,51.35184641812281,48.21861334779553,24.254347814646515,17.06353905015071,2,1,24.980146426988906,11.438652758071129,0.17631425642859333,0.9307339491786805,0.0,318.17038049866954,44.32206038687403,34.583979196776056,75.41936944091245,0.39734603117542894,True,0.7583621311129423,0.16682631895753253,0.13834619203609771,0.09332467996119502,,,,,Industrial Fire,A,CF-PairA-66
CF-PairA-66-2,forest/wildland,Industrial Fire,51.35184641812281,48.21861334779553,24.254347814646515,17.06353905015071,2,1,24.980146426988906,11.438652758071129,0.17631425642859333,0.38320412296366896,0.6999351774569555,318.17038049866954,44.32206038687403,34.583979196776056,75.41936944091245,0.39734603117542894,True,0.64885616586994,0.7437726685582724,0.13834619203609771,0.6863320846742119,,,,,Industrial Fire,A,CF-PairA-66
CF-PairA-67-1,dense industrial/urban,Industrial Fire,80.9098175579035,59.19370127551883,41.984239731163896,33.25513964896122,8,6,33.65863355560057,20.305197038744026,1.4443388223601932,0.8328107470107773,0.047785828812832956,178.32754341785716,51.78474645261758,-57.599992561237485,249.76073510973814,0.4526993381151233,True,1.0,0.09706889809976565,0.030458328065264467,0.5223243070330875,,,,,Industrial Fire,A,CF-PairA-67
CF-PairA-67-2,forest/wildland,Industrial Fire,80.9098175579035,59.19370127551883,41.984239731163896,33.25513964896122,8,6,33.65863355560057,20.305197038744026,1.4443388223601932,0.24761561670809687,0.9499561432772234,178.32754341785716,51.78474645261758,-57.599992561237485,249.76073510973814,0.4526993381151233,True,0.9941930889112436,0.818805149671278,0.030458328065264467,0.9282711929484073,,,,,Industrial Fire,A,CF-PairA-67
CF-PairA-68-1,dense industrial/urban,Industrial Fire,34.568909029567436,23.76947133635808,11.917443620740016,6.661390448932574,1,1,17.145011121754216,10.723330616217703,0.0007240863512453788,0.94847984349879,0.34571153824317835,233.70303185322595,-34.58095319373589,-70.23596662819389,-55.66739211603202,0.6168472752405774,True,0.8504599201168282,0.5174587926323566,0.140329627861297,0.5733289809024514,0.8504599201168282,0.5174587926323566,0.140329627861297,0.5733289809024514,Industrial Fire,A,CF-PairA-68
CF-PairA-68-2,forest/wildland,Industrial Fire,34.568909029567436,23.76947133635808,11.917443620740016,6.661390448932574,1,1,17.145011121754216,10.723330616217703,0.0007240863512453788,0.3028609699072909,0.8137220056684078,233.70303185322595,-34.58095319373589,-70.23596662819389,-55.66739211603202,0.6168472752405774,True,0.7213361453985284,0.8918671665725402,0.140329627861297,0.7280952070031022,0.7213361453985284,0.8918671665725402,0.140329627861297,0.7280952070031022,Industrial Fire,A,CF-PairA-68
CF-PairA-69-1,dense industrial/urban,Industrial Fire,54.18706940215556,47.716059114787214,29.904228888144655,25.967754355725532,3,1,43.160901369655136,13.81957201591666,2.4898969113888745,0.8145597834506569,0.19039944305874246,91.82727233480375,-82.39770434873618,57.438112244382125,12.134853735008651,0.35707012068578414,True,0.694257738164186,0.1530398791565566,0.20895759191696672,-0.15446989890449536,,,,,Industrial Fire,A,CF-PairA-69
CF-PairA-69-2,forest/wildland,Industrial Fire,54.18706940215556,47.716059114787214,29.904228888144655,25.967754355725532,3,1,43.160901369655136,13.81957201591666,2.4898969113888745,0.19762633525812623,0.6170006563354709,91.82727233480375,-82.39770434873618,57.438112244382125,12.134853735008651,0.35707012068578414,True,0.5708710485256798,0.4943208497779394,0.20895759191696672,0.40576141815643485,,,,,Industrial Fire,A,CF-PairA-69
CF-PairA-70-1,dense industrial/urban,Industrial Fire,21.425964271055896,13.408551078539968,16.8903485638069,15.112320813286592,1,1,12.51265834949595,10.2880523273057,0.0,0.900547840812734,0.22742169953624897,246.26486349936295,-42.370562006526555,-122.15720569268748,-88.75216467655221,0.0,True,0.5885553501477756,0.22413546029924486,0.00039125552123417395,0.9965148421665152,0.5885553501477756,0.22413546029924486,0.00039125552123417395,0.9965148421665152,Industrial Fire,A,CF-PairA-70
CF-PairA-70-2,forest/wildland,Industrial Fire,21.425964271055896,13.408551078539968,16.8903485638069,15.112320813286592,1,1,12.51265834949595,10.2880523273057,0.0,0.04236581010568336,0.8367443929433198,246.26486349936295,-42.370562006526555,-122.15720569268748,-88.75216467655221,0.0,True,0.4169189440063655,0.7115936150249017,0.00039125552123417395,0.9989009442828917,0.4169189440063655,0.7115936150249017,0.00039125552123417395,0.9989009442828917,Industrial Fire,A,CF-PairA-70
CF-PairA-71-1,dense industrial/urban,Industrial Fire,56.062323246626896,45.62670517077109,17.74095075682814,5.709511611394945,2,1,32.35854264843042,22.868740814055172,2.3444201899803097,1.0,0.13744819800888503,86.74585197873405,-21.64092912551554,-172.8349362818117,-63.32187224232161,0.22291081950838665,True,0.7429651450675628,0.2519991969464691,0.11199030784422676,0.3846508958623721,0.7429651450675628,0.2519991969464691,0.11199030784422676,0.3846508958623721,Industrial Fire,A,CF-PairA-71
CF-PairA-71-2,forest/wildland,Industrial Fire,56.062323246626896,45.62670517077109,17.74095075682814,5.709511611394945,2,1,32.35854264843042,22.868740814055172,2.3444201899803097,0.45980892559463504,0.7079425481659012,86.74585197873405,-21.64092912551554,-172.8349362818117,-63.32187224232161,0.22291081950838665,True,0.6154657038058139,0.708394677072082,0.11199030784422676,0.7269810883833976,0.6154657038058139,0.708394677072082,0.11199030784422676,0.7269810883833976,Industrial Fire,A,CF-PairA-71
CF-PairA-72-1,dense industrial/urban,Industrial Fire,41.2175876296278,38.74493819483465,54.305547725556096,25.16765941052851,12,2,27.37498927232358,4.989846505167195,0.582425701854625,1.0,0.07025396365600783,135.67443105156337,15.592257238532866,103.28412249139654,-159.84510507415445,0.0,True,0.792484698821429,0.12792126896387324,0.04276532775170325,0.4989023324079133,0.792484698821429,0.12792126896387324,0.04276532775170325,0.4989023324079133,Industrial Fire,A,CF-PairA-72
CF-PairA-72-2,forest/wildland,Industrial Fire,41.2175876296278,38.74493819483465,54.305547725556096,25.16765941052851,12,2,27.37498927232358,4.989846505167195,0.582425701854625,0.4089726597316406,0.9650941428986536,135.67443105156337,15.592257238532866,103.28412249139654,-159.84510507415445,0.0,True,0.6680084940581258,0.8437934123579899,0.04276532775170325,0.9035251116098366,0.6680084940581258,0.8437934123579899,0.04276532775170325,0.9035251116098366,Industrial Fire,A,CF-PairA-72
CF-PairA-73-1,dense industrial/urban,Industrial Fire,52.1109988974864,36.94445225172713,12.483012988979354,4.320762492624915,2,1,32.545494105623135,7.980161202856476,0.0,0.7960130690492008,0.23517686881833566,179.20096424100427,-6.925162363249456,-144.06151035633587,-147.57514307641273,0.01679321970971459,True,0.397365687980754,0.19087652087684004,0.3371134862317453,-0.2769691914355312,0.397365687980754,0.19087652087684004,0.3371134862317453,-0.2769691914355312,Industrial Fire,A,CF-PairA-73
CF-PairA-73-2,forest/wildland,Industrial Fire,52.1109988974864,36.94445225172713,12.483012988979354,4.320762492624915,2,1,32.545494105623135,7.980161202856476,0.0,0.02740740574902196,0.6339801759704311,179.20096424100427,-6.925162363249456,-144.06151035633587,-147.57514307641273,0.01679321970971459,True,0.2436445553207182,0.5099191665985164,0.3371134862317453,0.20401300916719198,0.2436445553207182,0.5099191665985164,0.3371134862317453,0.20401300916719198,Industrial Fire,A,CF-PairA-73
CF-PairA-74-1,dense industrial/urban,Industrial Fire,27.139827634820968,20.49716554921675,32.26802531272579,12.04898422441903,6,4,23.923468080933187,7.1965931712537206,0.0,0.9120524580858698,0.2111173825716912,48.03491352756157,30.10913174617893,-35.98831193611608,17.923440645619007,0.5613923479993472,True,0.4383795289747436,0.15909704600623098,0.23370738839833458,-0.1899427192190486,,,,,Industrial Fire,A,CF-PairA-74
CF-PairA-74-2,forest/wildland,Industrial Fire,27.139827634820968,20.49716554921675,32.26802531272579,12.04898422441903,6,4,23.923468080933187,7.1965931712537206,0.0,0.4216219305474283,0.7707345520627938,48.03491352756157,30.10913174617893,-35.98831193611608,17.923440645619007,0.5613923479993472,True,0.3402934234670553,0.6067907815991131,0.23370738839833458,0.44388364724448054,,,,,Industrial Fire,A,CF-PairA-74
CF-PairA-75-1,dense industrial/urban,Industrial Fire,37.04073404256029,29.926986597792013,43.42454451196645,28.412484591892586,5,3,10.828914987358791,9.472188896234195,0.38408520680173686,0.7128002207683183,0.2046185050004957,196.3624936982122,53.973714456890576,155.4375814375357,-43.99923994268074,0.3617685710542977,True,1.0,0.18077484358928192,0.29985955084564386,-0.24776567935045085,1.0,0.18077484358928192,0.29985955084564386,-0.24776567935045085,Industrial Fire,A,CF-PairA-75
CF-PairA-75-2,forest/wildland,Industrial Fire,37.04073404256029,29.926986597792013,43.42454451196645,28.412484591892586,5,3,10.828914987358791,9.472188896234195,0.38408520680173686,0.0,0.6610480389909372,196.3624936982122,53.973714456890576,155.4375814375357,-43.99923994268074,0.3617685710542977,True,0.9747272805881326,0.5459184707816351,0.29985955084564386,0.2909261220368121,0.9747272805881326,0.5459184707816351,0.29985955084564386,0.2909261220368121,Industrial Fire,A,CF-PairA-75
CF-PairA-76-1,dense industrial/urban,Industrial Fire,37.40796064614678,33.35377665136027,20.482106079059,9.200206632319503,4,1,20.943160019960885,17.56701573528713,0.2536306536115961,1.0,0.0,29.565844730783425,-88.813308837661,51.60610782017778,115.59812702950947,0.0,True,0.8379422045517907,0.022501185356826228,0.17992969860490834,-0.7776901931517561,,,,,Industrial Fire,A,CF-PairA-76
CF-PairA-76-2,forest/wildland,Industrial Fire,37.40796064614678,33.35377665136027,20.482106079059,9.200206632319503,4,1,20.943160019960885,17.56701573528713,0.2536306536115961,0.23750075641256818,0.401388573486554,29.565844730783425,-88.813308837661,51.60610782017778,115.59812702950947,0.0,True,0.6710219363239383,0.392085756328047,0.17992969860490834,0.37089217763881044,,,,,Industrial Fire,A,CF-PairA-76
CF-PairA-77-1,dense industrial/urban,Industrial Fire,24.700309220461317,22.39501597562375,23.768799327450235,18.771470258098425,3,1,5.201221488385067,4.63910268592924,2.9055842127975207,0.8498948104491361,0.05572663457779271,83.99365322279718,41.697990971307036,-52.29543480075783,-30.932822094931815,0.44753609293558827,True,0.4909369389404608,0.15805290573652936,0.24837161260302307,-0.22222750545535697,0.4909369389404608,0.15805290573652936,0.24837161260302307,-0.22222750545535697,Industrial Fire,A,CF-PairA-77
CF-PairA-77-2,forest/wildland,Industrial Fire,24.700309220461317,22.39501597562375,23.768799327450235,18.771470258098425,3,1,5.201221488385067,4.63910268592924,2.9055842127975207,0.04350855071489848,0.6691300346030401,83.99365322279718,41.697990971307036,-52.29543480075783,-30.932822094931815,0.44753609293558827,True,0.3296596869936133,0.6487756257567273,0.24837161260302307,0.4463080261895035,0.3296596869936133,0.6487756257567273,0.24837161260302307,0.4463080261895035,Industrial Fire,A,CF-PairA-77
CF-PairA-78-1,dense industrial/urban,Industrial Fire,59.86770728087021,48.46292120765751,10.270950236950474,7.927719115058629,1,1,51.07790895975186,9.694493776178366,0.0,1.0,0.13021690018464369,34.28457484248055,-53.78696154929785,-136.4480006496444,50.779510681040065,0.39170910933954795,False,,,,,,,,,Industrial Fire,A,CF-PairA-78
CF-PairA-78-2,forest/wildland,Industrial Fire,59.86770728087021,48.46292120765751,10.270950236950474,7.927719115058629,1,1,51.07790895975186,9.694493776178366,0.0,0.1710678535095866,0.4511323817340679,34.28457484248055,-53.78696154929785,-136.4480006496444,50.779510681040065,0.39170910933954795,False,,,,,,,,,Industrial Fire,A,CF-PairA-78
CF-PairA-79-1,dense industrial/urban,Industrial Fire,50.531456565938946,37.74803464042535,38.83830188580109,7.119272122590762,3,2,30.779811339606006,20.493043703171786,0.0,1.0,0.113890162515011,99.41595112698354,-69.731766455062,98.20635936729826,-284.7521118030876,0.30095409149237723,True,0.8178134283366403,0.1655992915727633,0.14405031202829888,0.06959149727259814,0.8178134283366403,0.1655992915727633,0.14405031202829888,0.06959149727259814,Industrial Fire,A,CF-PairA-79
CF-PairA-79-2,forest/wildland,Industrial Fire,50.531456565938946,37.74803464042535,38.83830188580109,7.119272122590762,3,2,30.779811339606006,20.493043703171786,0.0,0.27339890155359364,0.79610617229692,99.41595112698354,-69.731766455062,98.20635936729826,-284.7521118030876,0.30095409149237723,True,0.668988960424143,0.7113720993982906,0.14405031202829888,0.6632065980406898,0.668988960424143,0.7113720993982906,0.14405031202829888,0.6632065980406898,Industrial Fire,A,CF-PairA-79
CF-PairA-80-1,dense industrial/urban,Industrial Fire,46.432213452427455,33.62734799611186,37.004269165043404,5.0057690248922,9,3,28.69338895201543,5.260592860720338,0.19611366798782034,0.9293256000844302,0.28034160931317875,118.24135014074047,-33.76605568484432,-147.40631930780756,-95.95730954090517,0.008971156924622081,True,0.7215044904205612,0.21205432285924516,0.3404660552697151,-0.23241085305363732,0.7215044904205612,0.21205432285924516,0.3404660552697151,-0.23241085305363732,Industrial Fire,A,CF-PairA-80
CF-PairA-80-2,forest/wildland,Industrial Fire,46.432213452427455,33.62734799611186,37.004269165043404,5.0057690248922,9,3,28.69338895201543,5.260592860720338,0.19611366798782034,0.16529951950458527,0.8605418567904433,118.24135014074047,-33.76605568484432,-147.40631930780756,-95.95730954090517,0.008971156924622081,True,0.5686992743045922,0.6762145208410568,0.3404660552697151,0.3302398742146918,0.5686992743045922,0.6762145208410568,0.3404660552697151,0.3302398742146918,Industrial Fire,A,CF-PairA-80
CF-PairA-81-1,dense industrial/urban,Industrial Fire,42.187525053699204,40.73246943300312,33.59311184656673,4.389170383304677,3,1,23.040494620680636,11.219079305311412,1.4979739372072123,0.9873220388132408,0.2584679409009231,112.39259485391733,1.1609888009793252,30.689310176763087,-13.5776942252137,0.0,True,0.5326657540928758,0.24439142663528257,0.18816000696467294,0.12999938343197162,0.5326657540928758,0.24439142663528257,0.18816000696467294,0.12999938343197162,Industrial Fire,A,CF-PairA-81
CF-PairA-81-2,forest/wildland,Industrial Fire,42.187525053699204,40.73246943300312,33.59311184656673,4.389170383304677,3,1,23.040494620680636,11.219079305311412,1.4979739372072123,0.08665994945116456,0.9353306089274523,112.39259485391733,1.1609888009793252,30.689310176763087,-13.5776942252137,0.0,True,0.3525333362204605,0.785881561056506,0.18816000696467294,0.61365097108344,0.3525333362204605,0.785881561056506,0.18816000696467294,0.61365097108344,Industrial Fire,A,CF-PairA-81
CF-PairA-82-1,dense industrial/urban,Industrial Fire,66.20271627775027,47.062241216742294,34.81150676006904,14.185346498185792,5,4,26.769009733791503,21.90608748504204,0.1981788434379841,0.7853877345434283,0.2247907238937238,316.1542441703075,17.450677380292433,-107.08252001996793,-115.02077536709616,0.1964413807332639,True,0.9272581559322194,0.36286204424476404,0.32443159086732587,0.05591562530790873,0.9272581559322194,0.36286204424476404,0.32443159086732587,0.05591562530790873,Industrial Fire,A,CF-PairA-82
CF-PairA-82-2,forest/wildland,Industrial Fire,66.20271627775027,47.062241216742294,34.81150676006904,14.185346498185792,5,4,26.769009733791503,21.90608748504204,0.1981788434379841,0.1423794259492971,0.7691537064072153,316.1542441703075,17.450677380292433,-107.08252001996793,-115.02077536709616,0.1964413807332639,True,0.7986564942133931,0.7983524302555574,0.32443159086732587,0.42209439257451203,0.7986564942133931,0.7983524302555574,0.32443159086732587,0.42209439257451203,Industrial Fire,A,CF-PairA-82
CF-PairA-83-1,dense industrial/urban,Industrial Fire,30.064077665647183,19.472096272074,40.022095301477506,20.229772841230364,4,1,6.74354042702357,14.323121257057824,1.3788498684883816,1.0,0.0316035669198245,243.8168411363788,80.15445180310363,61.39184413678785,152.8075027827302,0.17162007212522276,True,0.5061100253654686,0.15032881278801627,0.18079006626408897,-0.0919949160352143,,,,,Industrial Fire,A,CF-PairA-83
CF-PairA-83-2,forest/wildland,Industrial Fire,30.064077665647183,19.472096272074,40.022095301477506,20.229772841230364,4,1,6.74354042702357,14.323121257057824,1.3788498684883816,0.106630000518814,0.9453606110112727,243.8168411363788,80.15445180310363,61.39184413678785,152.8075027827302,0.17162007212522276,True,0.31698852646874137,0.8813344480611748,0.18079006626408897,0.6595689792944106,,,,,Industrial Fire,A,CF-PairA-83
CF-PairA-84-1,dense industrial/urban,Industrial Fire,39.78204768306596,38.03905862308866,25.838815512291333,22.79430068704723,2,1,27.470433341916884,15.811106905547762,1.0290554523188014,0.855533281173072,0.18118501579810425,171.15544815042583,57.75293548431739,85.50581025986497,112.37675495522564,0.6302339611583802,True,0.5986495729117985,0.06334119840659763,0.24807332120754536,-0.5932033067367551,,,,,Industrial Fire,A,CF-PairA-84
CF-PairA-84-2,forest/wildland,Industrial Fire,39.78204768306596,38.03905862308866,25.838815512291333,22.79430068704723,2,1,27.470433341916884,15.811106905547762,1.0290554523188014,0.061905371584207586,0.6527153974509091,171.15544815042583,57.75293548431739,85.50581025986497,112.37675495522564,0.6302339611583802,True,0.4399239909940256,0.44056550372884157,0.24807332120754536,0.2795256026104507,,,,,Industrial Fire,A,CF-PairA-84
CF-PairA-85-1,dense industrial/urban,Industrial Fire,76.72443957293439,70.18877519681003,12.428349979415184,4.762983237953488,2,1,35.68357567022245,16.433197177733412,0.781933590649859,1.0,0.20883909763666011,595.3390429631655,55.21092631585978,-132.7402344014555,65.11988200711777,0.0,False,,,,,,,,,Industrial Fire,A,CF-PairA-85
CF-PairA-85-2,forest/wildland,Industrial Fire,76.72443957293439,70.18877519681003,12.428349979415184,4.762983237953488,2,1,35.68357567022245,16.433197177733412,0.781933590649859,0.13609940453731822,0.949893507744148,595.3390429631655,55.21092631585978,-132.7402344014555,65.11988200711777,0.0,False,,,,,,,,,Industrial Fire,A,CF-PairA-85
CF-PairA-86-1,dense industrial/urban,Industrial Fire,99.64610001327586,76.83616077008003,15.171383322588042,12.293787652506904,1,1,71.61564202235232,10.398895946576081,0.0,0.9608032396232303,0.1306300536913388,82.05707326871435,48.300071637519835,150.23297188972856,-162.7293172338325,0.0,False,,,,,,,,,Industrial Fire,A,CF-PairA-86
CF-PairA-86-2,forest/wildland,Industrial Fire,99.64610001327586,76.83616077008003,15.171383322588042,12.293787652506904,1,1,71.61564202235232,10.398895946576081,0.0,0.16611388496254184,0.7968259583447946,82.05707326871435,48.300071637519835,150.23297188972856,-162.7293172338325,0.0,False,,,,,,,,,Industrial Fire,A,CF-PairA-86
CF-PairA-87-1,dense industrial/urban,Industrial Fire,10.834335966107234,6.741084865705617,51.07770855304884,28.051902502724346,5,2,5.8457634667737155,5.018664938737362,0.4142578824824551,0.9509039383076262,0.4566759877799468,47.742741200020006,-59.835162481458056,-113.56443786103624,49.73119955014247,0.0,True,0.1265396072695252,0.22668505692726093,0.18134901175320411,0.11110848003616056,,,,,Industrial Fire,A,CF-PairA-87
CF-PairA-87-2,forest/wildland,Industrial Fire,10.834335966107234,6.741084865705617,51.07770855304884,28.051902502724346,5,2,5.8457634667737155,5.018664938737362,0.4142578824824551,0.15818891280800781,0.7382580073432877,47.742741200020006,-59.835162481458056,-113.56443786103624,49.73119955014247,0.0,True,0.0,0.4519506725779337,0.18134901175320411,0.4272884820881076,,,,,Industrial Fire,A,CF-PairA-87
CF-PairA-88-1,dense industrial/urban,Industrial Fire,56.467896655073005,38.8328106901408,1.687807890931265,1.42900961277667,1,1,39.93849575479442,27.58192443599716,1.775251798321753,0.8832567833594399,0.08228392876712896,30.949587735140337,-12.827344092118537,134.40630037003837,-198.47393476260217,0.5616672047373119,True,0.6949428500701245,0.17556641091392036,0.19676954499676327,-0.05694624369806805,0.6949428500701245,0.17556641091392036,0.19676954499676327,-0.05694624369806805,Industrial Fire,A,CF-PairA-88
CF-PairA-88-2,forest/wildland,Industrial Fire,56.467896655073005,38.8328106901408,1.687807890931265,1.42900961277667,1,1,39.93849575479442,27.58192443599716,1.775251798321753,0.37780371328260315,0.5373217053263584,30.949587735140337,-12.827344092118537,134.40630037003837,-198.47393476260217,0.5616672047373119,True,0.5938522360547571,0.5395966321613039,0.19676954499676327,0.4655660428180557,0.5938522360547571,0.5395966321613039,0.19676954499676327,0.4655660428180557,Industrial Fire,A,CF-PairA-88
CF-PairA-89-1,dense industrial/urban,Industrial Fire,106.71835424075712,68.53332918350333,9.646078592179887,2.207840702013835,1,1,78.35195632500383,12.789053861018251,0.0,0.9023890411945028,0.095365116170641,148.2265634992583,-51.89045056168204,127.11237212177383,-33.769804830530056,0.4334638295191845,True,1.0,0.18582428821781427,0.1174331307950165,0.22552179480200668,1.0,0.18582428821781427,0.1174331307950165,0.22552179480200668,Industrial Fire,A,CF-PairA-89
CF-PairA-89-2,forest/wildland,Industrial Fire,106.71835424075712,68.53332918350333,9.646078592179887,2.207840702013835,1,1,78.35195632500383,12.789053861018251,0.0,0.020178000268157567,0.7321647444328685,148.2265634992583,-51.89045056168204,127.11237212177383,-33.769804830530056,0.4334638295191845,True,0.8586209985608694,0.6952639908275963,0.1174331307950165,0.7110039455767921,0.8586209985608694,0.6952639908275963,0.1174331307950165,0.7110039455767921,Industrial Fire,A,CF-PairA-89
CF-PairA-90-1,dense industrial/urban,Industrial Fire,7.43177448123563,6.431253976299864,17.808101158490796,5.307681299139977,2,1,5.265353363184741,1.4867863415481386,0.0,0.8250876822052089,0.2888805957981188,72.55874276557472,-46.47282292516796,156.52099815899658,227.43439421581422,0.037116119147602655,True,0.33576000343620205,0.23113624424048024,0.0674938532040997,0.5479768865787196,,,,,Industrial Fire,A,CF-PairA-90
CF-PairA-90-2,forest/wildland,Industrial Fire,7.43177448123563,6.431253976299864,17.808101158490796,5.307681299139977,2,1,5.265353363184741,1.4867863415481386,0.0,0.20335165592180038,0.7127520064091988,72.55874276557472,-46.47282292516796,156.52099815899658,227.43439421581422,0.037116119147602655,True,0.21141279817952033,0.5702333727293442,0.0674938532040997,0.7883300243131106,,,,,Industrial Fire,A,CF-PairA-90
CF-PairA-91-1,dense industrial/urban,Industrial Fire,22.766651346187512,22.453150016285974,9.625093487463518,5.290693321804074,1,1,8.331532610112816,3.705874501640246,2.4850203170914855,0.9739650375537041,0.14782986429546552,107.33800068549908,-76.69298528016606,165.19255565828826,361.18480612483063,0.6189487152235724,True,0.5263232965160038,0.1528016396285923,0.021029723299393566,0.7580445444921735,,,,,Industrial Fire,A,CF-PairA-91
CF-PairA-91-2,forest/wildland,Industrial Fire,22.766651346187512,22.453150016285974,9.625093487463518,5.290693321804074,1,1,8.331532610112816,3.705874501640246,2.4850203170914855,0.08692929135426489,1.0,107.33800068549908,-76.69298528016606,165.19255565828826,361.18480612483063,0.6189487152235724,True,0.3489161472761159,0.863353610946444,0.021029723299393566,0.9524420633337086,,,,,Industrial Fire,A,CF-PairA-91
CF-PairA-92-1,dense industrial/urban,Industrial Fire,114.93702031785492,85.19770088989239,38.29562246368055,4.6687037049351545,3,2,79.39948691062824,14.538457668882884,0.0,1.0,0.23000663856402145,59.03790702752937,-56.44667725816252,-164.71226286688034,-207.63991288625073,0.0,True,1.0,0.042303474799961466,0.3981250929620561,-0.8078985883457959,1.0,0.042303474799961466,0.3981250929620561,-0.8078985883457959,Industrial Fire,A,CF-PairA-92
CF-PairA-92-2,forest/wildland,Industrial Fire,114.93702031785492,85.19770088989239,38.29562246368055,4.6687037049351545,3,2,79.39948691062824,14.538457668882884,0.0,0.5020772219348218,0.8544398215395943,59.03790702752937,-56.44667725816252,-164.71226286688034,-207.63991288625073,0.0,True,1.0,0.5418500211804198,0.3981250929620561,0.15290290780674723,1.0,0.5418500211804198,0.3981250929620561,0.15290290780674723,Industrial Fire,A,CF-PairA-92
CF-PairA-93-1,dense industrial/urban,Industrial Fire,55.07944827541893,34.381308282224865,14.180451639231507,11.838562569920043,1,1,34.82839034826527,7.457922665190191,0.0,0.8921607415063553,0.19278180723859173,168.61669585069194,10.318260768896607,170.4049042056726,-14.494109572966904,0.7193352753447835,True,0.5888404209477843,0.11322222723213252,0.1263378727660755,-0.05474887318063856,0.5888404209477843,0.11322222723213252,0.1263378727660755,-0.05474887318063856,Industrial Fire,A,CF-PairA-93
CF-PairA-93-2,forest/wildland,Industrial Fire,55.07944827541893,34.381308282224865,14.180451639231507,11.838562569920043,1,1,34.82839034826527,7.457922665190191,0.0,0.006423254975419401,0.7586281221848324,168.61669585069194,10.318260768896607,170.4049042056726,-14.494109572966904,0.7193352753447835,True,0.41169292364159715,0.5658992791891251,0.1263378727660755,0.6349867313268627,0.41169292364159715,0.5658992791891251,0.1263378727660755,0.6349867313268627,Industrial Fire,A,CF-PairA-93
CF-PairA-94-1,dense industrial/urban,Industrial Fire,61.48574907610472,59.1727931379825,1.0,0.38007383861775945,1,1,12.554510383496652,29.572506423607102,2.757203588203989,1.0,0.3379638190041487,145.0757490936263,-15.914350634810603,123.80470137074019,2.722666009188522,0.15581079426722905,True,0.6496223311765528,0.3365493912292005,0.22725227697455685,0.19385738003021266,,,,,Industrial Fire,A,CF-PairA-94
CF-PairA-94-2,forest/wildland,Industrial Fire,61.48574907610472,59.1727931379825,1.0,0.38007383861775945,1,1,12.554510383496652,29.572506423607102,2.757203588203989,0.5121729289706776,0.8424102271325685,145.0757490936263,-15.914350634810603,123.80470137074019,2.722666009188522,0.15581079426722905,True,0.5424107696996991,0.7401065177319364,0.22725227697455685,0.5301592786087037,,,,,Industrial Fire,A,CF-PairA-94
CF-PairA-95-1,dense industrial/urban,Industrial Fire,17.920797098481437,14.482546349711804,12.784801577837598,3.1907302904624046,1,1,10.950728482624848,2.7017876403674754,0.0,0.9352381078100533,0.09729098136532244,9.278256183260856,68.65449456388217,53.74026828756752,98.30305130527012,0.0,True,0.3971410464981562,0.05491699860523247,0.29208077740673144,-0.6834734836840048,,,,,Industrial Fire,A,CF-PairA-95
CF-PairA-95-2,forest/wildland,Industrial Fire,17.920797098481437,14.482546349711804,12.784801577837598,3.1907302904624046,1,1,10.950728482624848,2.7017876403674754,0.0,0.31979148239430527,0.8492355414736285,9.278256183260856,68.65449456388217,53.74026828756752,98.30305130527012,0.0,True,0.27405172141500656,0.6564726466918773,0.29208077740673144,0.3841553464755242,,,,,Industrial Fire,A,CF-PairA-95
CF-PairA-96-1,dense industrial/urban,Industrial Fire,2.9749637859816644,2.332676719342191,29.66305751914167,8.642885621869798,5,1,1.6814655294623833,0.7695921371806538,0.0,0.8487719945468231,0.06787661370329907,46.03524946944735,74.10491764871824,-74.76893240260866,-129.72926068594987,0.26339101318841646,True,0.09147711165795598,0.0,0.304608672286807,-1.0,0.09147711165795598,0.0,0.304608672286807,-1.0,Industrial Fire,A,CF-PairA-96
CF-PairA-96-2,forest/wildland,Industrial Fire,2.9749637859816644,2.332676719342191,29.66305751914167,8.642885621869798,5,1,1.6814655294623833,0.7695921371806538,0.0,0.07777983300448671,0.8978493334579819,46.03524946944735,74.10491764871824,-74.76893240260866,-129.72926068594987,0.26339101318841646,True,0.0,0.6491861350334973,0.304608672286807,0.3612700133216116,0.0,0.6491861350334973,0.304608672286807,0.3612700133216116,Industrial Fire,A,CF-PairA-96
CF-PairA-97-1,dense industrial/urban,Industrial Fire,44.231030289407826,31.895476746018808,33.29569506914153,29.944452288294833,3,1,11.105924823933249,5.696154424593634,2.6670218042963154,0.9400482333877582,0.17343049098159802,78.14416119422648,18.422385688240794,144.81217565124746,-105.118074993867,1.0,True,,,,,,,,,Industrial Fire,A,CF-PairA-97
CF-PairA-97-2,forest/wildland,Industrial Fire,44.231030289407826,31.895476746018808,33.29569506914153,29.944452288294833,3,1,11.105924823933249,5.696154424593634,2.6670218042963154,0.32857432557542166,0.684595643407009,78.14416119422648,18.422385688240794,144.81217565124746,-105.118074993867,1.0,True,,,,,,,,,Industrial Fire,A,CF-PairA-97
CF-PairA-98-1,dense industrial/urban,Industrial Fire,17.21548460324734,11.43483299840242,14.990516867278094,12.454930730749007,1,1,11.83600794963722,7.9409871873313636,0.0,0.9758799740319551,0.16418567460755557,53.86113345817869,-6.540069007596841,-85.42915235211304,-13.79619605842977,0.46546410504596325,True,0.5036566777297244,0.0,0.25688189889377816,-1.0,0.5036566777297244,0.0,0.25688189889377816,-1.0,Industrial Fire,A,CF-PairA-98
CF-PairA-98-2,forest/wildland,Industrial Fire,17.21548460324734,11.43483299840242,14.990516867278094,12.454930730749007,1,1,11.83600794963722,7.9409871873313636,0.0,0.29103643478633195,0.7667487196790346,53.86113345817869,-6.540069007596841,-85.42915235211304,-13.79619605842977,0.46546410504596325,True,0.36668796988059976,0.4696225188912497,0.25688189889377816,0.2928277031625998,0.36668796988059976,0.4696225188912497,0.25688189889377816,0.2928277031625998,Industrial Fire,A,CF-PairA-98
CF-PairA-99-1,dense industrial/urban,Industrial Fire,57.39052316449892,56.234449983475564,35.385483101751404,14.392043178483425,3,1,33.57202285245868,20.470977953792676,2.4556271111084955,0.9872681583711275,0.28879091165344495,42.64887398431813,-85.9684187172434,22.965360192304985,-90.95397105648372,0.5032827272879745,True,0.7077919718832569,0.014442942450372226,0.34301211418875327,-0.9191901628911446,0.7077919718832569,0.014442942450372226,0.34301211418875327,-0.9191901628911446,Industrial Fire,A,CF-PairA-99
CF-PairA-99-2,forest/wildland,Industrial Fire,57.39052316449892,56.234449983475564,35.385483101751404,14.392043178483425,3,1,33.57202285245868,20.470977953792676,2.4556271111084955,0.2681257181565772,1.0,42.64887398431813,-85.9684187172434,22.965360192304985,-90.95397105648372,0.5032827272879745,True,0.5639634838403469,0.6274455256693323,0.34301211418875327,0.2930920421443362,0.5639634838403469,0.6274455256693323,0.34301211418875327,0.2930920421443362,Industrial Fire,A,CF-PairA-99
