latitude,longitude,bright_ti4,scan,track,acq_date,acq_time,satellite,instrument,confidence,version,bright_ti5,frp,daynight
28.02405,96.64853,329.18,0.53,0.5,2026-09-10,608,N21,VIIRS,n,2.0NRT,291.84,6.33,D
6.2632,80.97652,334.97,0.48,0.4,2026-09-10,744,N21,VIIRS,l,2.0NRT,304.23,2.63,D
6.40709,81.31159,332.25,0.46,0.39,2026-09-10,744,N21,VIIRS,l,2.0NRT,306.47,5.59,D
6.41888,81.08362,334.42,0.47,0.4,2026-09-10,744,N21,VIIRS,l,2.0NRT,304.71,24.62,D
6.42442,81.04807,331.32,0.47,0.4,2026-09-10,744,N21,VIIRS,l,2.0NRT,303.68,4.94,D
6.44335,81.08987,340.02,0.47,0.4,2026-09-10,744,N21,VIIRS,n,2.0NRT,306.54,9.4,D
6.4849,81.11776,334.16,0.47,0.4,2026-09-10,744,N21,VIIRS,l,2.0NRT,303.77,4.96,D
6.55179,80.92549,336.67,0.48,0.4,2026-09-10,744,N21,VIIRS,n,2.0NRT,303.44,5.38,D
6.56214,81.05875,336.79,0.47,0.4,2026-09-10,744,N21,VIIRS,l,2.0NRT,304.42,6.5,D
6.56282,81.06295,337.02,0.47,0.4,2026-09-10,744,N21,VIIRS,l,2.0NRT,305.55,6.5,D
6.56508,81.05399,334.69,0.47,0.4,2026-09-10,744,N21,VIIRS,l,2.0NRT,302.04,3.98,D
6.69198,81.07414,336.44,0.47,0.4,2026-09-10,744,N21,VIIRS,l,2.0NRT,303.88,13.92,D
6.79362,81.27934,335.47,0.46,0.39,2026-09-10,744,N21,VIIRS,n,2.0NRT,303.25,4.22,D
6.79421,81.27834,335.73,0.46,0.39,2026-09-10,744,N21,VIIRS,n,2.0NRT,302.13,4.86,D
6.84055,81.55181,336.38,0.44,0.39,2026-09-10,744,N21,VIIRS,n,2.0NRT,299.8,6.23,D
6.84137,81.55236,337.79,0.44,0.39,2026-09-10,744,N21,VIIRS,n,2.0NRT,299.22,6.64,D
7.27058,81.12646,334.67,0.46,0.39,2026-09-10,744,N21,VIIRS,n,2.0NRT,285.33,8.2,D
7.97727,80.36172,338.8,0.49,0.4,2026-09-10,744,N21,VIIRS,n,2.0NRT,292.23,5.67,D
7.99352,80.1341,333.76,0.51,0.41,2026-09-10,744,N21,VIIRS,n,2.0NRT,295.56,2.96,D
8.0018,80.11408,331.42,0.51,0.41,2026-09-10,744,N21,VIIRS,n,2.0NRT,299.89,4.33,D
8.16179,80.40961,336.7,0.49,0.4,2026-09-10,744,N21,VIIRS,n,2.0NRT,299.72,6.11,D
8.30825,81.03323,336.39,0.45,0.39,2026-09-10,744,N21,VIIRS,n,2.0NRT,288.71,5.18,D
8.32863,81.36947,333.67,0.44,0.38,2026-09-10,744,N21,VIIRS,n,2.0NRT,280.76,4.88,D
8.36626,80.27986,340.57,0.49,0.4,2026-09-10,744,N21,VIIRS,n,2.0NRT,304.09,6.9,D
8.41569,77.66499,335.52,0.47,0.48,2026-09-10,744,N21,VIIRS,n,2.0NRT,302.54,3.43,D
8.43529,77.6227,336.99,0.47,0.48,2026-09-10,744,N21,VIIRS,n,2.0NRT,304.43,1.21,D
8.44602,80.63084,335.48,0.47,0.4,2026-09-10,744,N21,VIIRS,n,2.0NRT,298.23,5.46,D
8.47801,80.75889,346.95,0.46,0.39,2026-09-10,744,N21,VIIRS,n,2.0NRT,301.74,11.45,D
8.49768,80.283,332.12,0.49,0.4,2026-09-10,744,N21,VIIRS,n,2.0NRT,301.04,4.91,D
8.50359,80.27306,341.02,0.49,0.4,2026-09-10,744,N21,VIIRS,l,2.0NRT,301.03,12.38,D
8.57501,80.36468,335.92,0.48,0.4,2026-09-10,744,N21,VIIRS,n,2.0NRT,304.53,5.48,D
8.57867,80.36407,334.37,0.48,0.4,2026-09-10,744,N21,VIIRS,n,2.0NRT,303.81,6.15,D
8.57937,80.36842,332.6,0.48,0.4,2026-09-10,744,N21,VIIRS,n,2.0NRT,301.43,3.83,D
8.61568,78.09698,336.26,0.44,0.46,2026-09-10,744,N21,VIIRS,n,2.0NRT,293.13,4.47,D
8.70023,80.37247,334.56,0.48,0.4,2026-09-10,744,N21,VIIRS,l,2.0NRT,306.26,7.4,D
8.72976,80.8091,338.08,0.46,0.39,2026-09-10,744,N21,VIIRS,l,2.0NRT,306.03,5.51,D
8.8314,80.98924,344.59,0.45,0.39,2026-09-10,744,N21,VIIRS,n,2.0NRT,301.63,10.54,D
8.83493,80.98868,346.94,0.45,0.39,2026-09-10,744,N21,VIIRS,n,2.0NRT,304.54,10.54,D
8.83694,80.33418,333.87,0.48,0.4,2026-09-10,744,N21,VIIRS,l,2.0NRT,302.43,3.47,D
8.83912,80.99213,330.97,0.45,0.39,2026-09-10,744,N21,VIIRS,l,2.0NRT,305.18,6.01,D
8.90438,77.60378,333.52,0.47,0.48,2026-09-10,744,N21,VIIRS,l,2.0NRT,304.14,4.95,D
8.90687,77.60324,339.94,0.47,0.48,2026-09-10,744,N21,VIIRS,n,2.0NRT,306.89,3.33,D
8.93589,80.57632,349.52,0.47,0.4,2026-09-10,744,N21,VIIRS,n,2.0NRT,308.18,16.47,D
8.94718,80.46166,344.44,0.47,0.4,2026-09-10,744,N21,VIIRS,n,2.0NRT,304.57,15.06,D
8.94782,80.90019,336.32,0.45,0.39,2026-09-10,744,N21,VIIRS,n,2.0NRT,301.61,3.64,D
8.94848,80.46294,333.45,0.47,0.4,2026-09-10,744,N21,VIIRS,l,2.0NRT,303.73,10.22,D
8.95331,80.68477,336.52,0.46,0.39,2026-09-10,744,N21,VIIRS,l,2.0NRT,305.09,10.13,D
8.96667,77.85931,348.35,0.45,0.47,2026-09-10,744,N21,VIIRS,n,2.0NRT,309.61,14.16,D
9.02846,80.2422,350.65,0.48,0.4,2026-09-10,744,N21,VIIRS,n,2.0NRT,302.49,7.41,D
9.02856,80.24287,342.15,0.48,0.4,2026-09-10,744,N21,VIIRS,n,2.0NRT,302.72,8.78,D
9.24767,77.89903,342.41,0.44,0.46,2026-09-10,744,N21,VIIRS,n,2.0NRT,308.27,12.1,D
9.2705,78.60549,343.63,0.4,0.44,2026-09-10,744,N21,VIIRS,n,2.0NRT,304.06,2.3,D
9.36015,78.76106,339.16,0.39,0.44,2026-09-10,744,N21,VIIRS,n,2.0NRT,302.15,1.88,D
9.40057,80.47038,341.83,0.47,0.4,2026-09-10,744,N21,VIIRS,l,2.0NRT,303.59,10.59,D
9.4199,80.3849,353.94,0.47,0.4,2026-09-10,744,N21,VIIRS,n,2.0NRT,306.86,24.67,D
9.43006,80.37888,339.92,0.47,0.4,2026-09-10,744,N21,VIIRS,l,2.0NRT,305.2,10.01,D
9.44271,80.50226,335.25,0.47,0.39,2026-09-10,744,N21,VIIRS,l,2.0NRT,304.36,10.15,D
14.50943,77.50732,345.89,0.39,0.44,2026-09-10,746,N21,VIIRS,n,2.0NRT,301.31,6.11,D
15.17447,76.8308,341.83,0.41,0.45,2026-09-10,746,N21,VIIRS,n,2.0NRT,297.72,3.73,D
17.3086,77.62019,333.06,0.52,0.41,2026-09-10,746,N21,VIIRS,n,2.0NRT,285.06,8.89,D
17.30932,77.6216,330.95,0.52,0.41,2026-09-10,746,N21,VIIRS,n,2.0NRT,284.98,8.81,D
17.70016,75.35762,335.22,0.46,0.47,2026-09-10,746,N21,VIIRS,n,2.0NRT,297.83,3.82,D
18.63248,74.05639,331.15,0.54,0.51,2026-09-10,748,N21,VIIRS,n,2.0NRT,291.95,4.94,D
19.92554,79.11815,332.8,0.42,0.37,2026-09-10,748,N21,VIIRS,l,2.0NRT,298.29,8.46,D
21.10014,72.63404,336.61,0.6,0.53,2026-09-10,748,N21,VIIRS,n,2.0NRT,298.34,36.33,D
21.10247,72.64529,342.82,0.6,0.53,2026-09-10,748,N21,VIIRS,n,2.0NRT,295.75,9.05,D
21.10725,72.6442,331.63,0.6,0.53,2026-09-10,748,N21,VIIRS,n,2.0NRT,298.17,9.05,D
22.21149,84.86465,334.91,0.51,0.41,2026-09-10,748,N21,VIIRS,n,2.0NRT,289.17,5.09,D
22.21438,84.866,333.48,0.51,0.41,2026-09-10,748,N21,VIIRS,n,2.0NRT,288.1,5.73,D
22.7853,86.20583,337.65,0.41,0.45,2026-09-10,748,N21,VIIRS,n,2.0NRT,292.54,7.11,D
23.68556,86.39387,336.97,0.43,0.46,2026-09-10,748,N21,VIIRS,n,2.0NRT,293.54,5.88,D
23.71437,86.45137,333.64,0.43,0.46,2026-09-10,748,N21,VIIRS,n,2.0NRT,292.95,6.09,D
23.73816,86.43526,336.08,0.43,0.46,2026-09-10,748,N21,VIIRS,n,2.0NRT,293.61,6.49,D
23.77832,86.21114,335.85,0.42,0.45,2026-09-10,748,N21,VIIRS,n,2.0NRT,292.01,8.84,D
23.77997,86.21016,342.33,0.42,0.45,2026-09-10,748,N21,VIIRS,n,2.0NRT,293.47,8.13,D
23.22733,69.83443,353.5,0.41,0.61,2026-09-10,750,N21,VIIRS,n,2.0NRT,299.98,6.36,D
23.22823,69.83833,335.21,0.41,0.61,2026-09-10,750,N21,VIIRS,n,2.0NRT,298.63,6.36,D
25.56557,72.19657,334.68,0.52,0.5,2026-09-10,750,N21,VIIRS,n,2.0NRT,304.27,3.32,D
25.78074,73.69642,330.59,0.42,0.45,2026-09-10,750,N21,VIIRS,l,2.0NRT,304.03,1.44,D
25.85574,68.94447,331.09,0.41,0.6,2026-09-10,750,N21,VIIRS,l,2.0NRT,303.41,3.08,D
28.7746,71.00861,353.66,0.53,0.5,2026-09-10,750,N21,VIIRS,n,2.0NRT,310.18,15.55,D
31.40946,72.38369,331.31,0.39,0.44,2026-09-10,750,N21,VIIRS,l,2.0NRT,304.65,1.68,D
31.52411,73.387,343.3,0.52,0.42,2026-09-10,750,N21,VIIRS,n,2.0NRT,304.78,3.65,D
31.48832,70.32721,331.98,0.51,0.49,2026-09-10,752,N21,VIIRS,l,2.0NRT,304.47,4.02,D
31.94805,73.20129,334.13,0.52,0.42,2026-09-10,752,N21,VIIRS,n,2.0NRT,301.08,4.43,D
30.06927,96.97865,302.95,0.41,0.61,2026-09-10,1834,N21,VIIRS,n,2.0NRT,286.68,1.61,N
22.35299,96.70353,300.27,0.35,0.57,2026-09-10,1836,N21,VIIRS,n,2.0NRT,286.94,0.93,N
35.98932,94.83054,306.1,0.33,0.55,2026-09-10,2012,N21,VIIRS,n,2.0NRT,278.04,1.24,N
35.98952,94.83158,299.25,0.33,0.55,2026-09-10,2012,N21,VIIRS,n,2.0NRT,276.3,1.29,N
27.22271,95.34615,303.07,0.57,0.69,2026-09-10,2014,N21,VIIRS,n,2.0NRT,288.19,0.66,N
28.77348,76.70058,310.63,0.39,0.44,2026-09-10,2014,N21,VIIRS,n,2.0NRT,294.25,1.37,N
31.24952,76.92664,301,0.41,0.45,2026-09-10,2014,N21,VIIRS,n,2.0NRT,290.08,0.45,N
31.2582,76.92317,302.06,0.41,0.45,2026-09-10,2014,N21,VIIRS,n,2.0NRT,290.46,0.56,N
32.5728,72.56274,306.18,0.38,0.59,2026-09-10,2014,N21,VIIRS,n,2.0NRT,294.5,2.87,N
32.57594,72.56072,309.97,0.38,0.59,2026-09-10,2014,N21,VIIRS,n,2.0NRT,294.62,2.66,N
32.71813,72.77424,305.15,0.37,0.58,2026-09-10,2014,N21,VIIRS,n,2.0NRT,294.19,0.77,N
32.88787,71.61549,306.45,0.44,0.62,2026-09-10,2014,N21,VIIRS,n,2.0NRT,294.03,2.79,N
33.69026,72.7108,306.77,0.38,0.59,2026-09-10,2014,N21,VIIRS,n,2.0NRT,295.12,1.45,N
15.16834,76.37976,299.18,0.43,0.38,2026-09-10,2017,N21,VIIRS,n,2.0NRT,276.73,1.41,N
15.17242,76.37626,295.13,0.43,0.38,2026-09-10,2017,N21,VIIRS,n,2.0NRT,275.68,0.79,N
15.17324,76.6552,300.7,0.42,0.38,2026-09-10,2017,N21,VIIRS,n,2.0NRT,280.61,0.62,N
15.17332,76.67924,311.98,0.42,0.38,2026-09-10,2017,N21,VIIRS,n,2.0NRT,285.1,1.45,N
15.17476,77.10052,308.85,0.41,0.37,2026-09-10,2017,N21,VIIRS,n,2.0NRT,291.91,1.38,N
15.17614,76.65965,313.93,0.42,0.38,2026-09-10,2017,N21,VIIRS,n,2.0NRT,282.92,2.24,N
15.1767,76.65572,325.35,0.42,0.38,2026-09-10,2017,N21,VIIRS,n,2.0NRT,283.32,4.18,N
15.17677,76.67976,323.76,0.42,0.38,2026-09-10,2017,N21,VIIRS,n,2.0NRT,286.41,1.45,N
15.17734,76.67583,308.41,0.42,0.38,2026-09-10,2017,N21,VIIRS,n,2.0NRT,286.12,1.45,N
15.1776,77.10484,306.7,0.41,0.37,2026-09-10,2017,N21,VIIRS,n,2.0NRT,291.49,1.38,N
15.18079,76.67635,308.84,0.42,0.38,2026-09-10,2017,N21,VIIRS,n,2.0NRT,286.89,1.76,N
15.18135,76.67244,302.51,0.42,0.38,2026-09-10,2017,N21,VIIRS,n,2.0NRT,285.75,1.24,N
15.18192,76.66852,316.12,0.42,0.38,2026-09-10,2017,N21,VIIRS,n,2.0NRT,284.73,1.24,N
15.22459,76.76285,317.18,0.42,0.38,2026-09-10,2017,N21,VIIRS,n,2.0NRT,293.41,2.43,N
15.3341,76.28777,307.32,0.44,0.38,2026-09-10,2017,N21,VIIRS,n,2.0NRT,291.88,1.69,N
18.80434,74.2586,310.09,0.41,0.45,2026-09-10,2017,N21,VIIRS,n,2.0NRT,289.83,0.77,N
20.79309,85.25423,323.4,0.56,0.43,2026-09-10,2017,N21,VIIRS,n,2.0NRT,281.84,5.61,N
20.80473,85.25675,304.03,0.56,0.43,2026-09-10,2017,N21,VIIRS,n,2.0NRT,282.01,1.35,N
20.8086,85.2576,304.82,0.56,0.43,2026-09-10,2017,N21,VIIRS,n,2.0NRT,282.02,1.3,N
20.96069,85.18478,302.21,0.55,0.43,2026-09-10,2017,N21,VIIRS,n,2.0NRT,268.62,1.44,N
20.96152,85.17278,302.35,0.55,0.43,2026-09-10,2017,N21,VIIRS,n,2.0NRT,269.54,1.31,N
20.96246,85.16761,302.45,0.55,0.42,2026-09-10,2017,N21,VIIRS,n,2.0NRT,269.54,1.31,N
20.96254,85.18925,315.65,0.55,0.43,2026-09-10,2017,N21,VIIRS,n,2.0NRT,269.92,2.46,N
20.96264,85.17442,303.85,0.55,0.42,2026-09-10,2017,N21,VIIRS,n,2.0NRT,269.46,1.41,N
20.96348,85.18401,302.17,0.55,0.43,2026-09-10,2017,N21,VIIRS,n,2.0NRT,268.41,2.36,N
20.96355,85.19088,302.51,0.55,0.43,2026-09-10,2017,N21,VIIRS,n,2.0NRT,269.13,1.44,N
20.96361,85.16926,303.57,0.55,0.42,2026-09-10,2017,N21,VIIRS,n,2.0NRT,269.7,1.2,N
20.96454,85.18561,307.13,0.55,0.43,2026-09-10,2017,N21,VIIRS,n,2.0NRT,268.83,1.44,N
20.96458,85.16412,298.55,0.55,0.42,2026-09-10,2017,N21,VIIRS,n,2.0NRT,268.56,1.2,N
20.9663,85.16846,299.45,0.55,0.42,2026-09-10,2017,N21,VIIRS,n,2.0NRT,269.42,2.57,N
20.96649,85.17525,302.71,0.55,0.42,2026-09-10,2017,N21,VIIRS,n,2.0NRT,268.28,1.41,N
20.96652,85.15382,301.39,0.55,0.42,2026-09-10,2017,N21,VIIRS,n,2.0NRT,266.45,1,N
20.96746,85.17009,300.13,0.55,0.42,2026-09-10,2017,N21,VIIRS,n,2.0NRT,269.24,1.2,N
20.96911,85.15297,308.54,0.55,0.42,2026-09-10,2017,N21,VIIRS,n,2.0NRT,266.66,1.59,N
20.96922,85.17447,320.87,0.55,0.43,2026-09-10,2017,N21,VIIRS,n,2.0NRT,269.27,2.57,N
20.97034,85.17608,315.75,0.55,0.42,2026-09-10,2017,N21,VIIRS,n,2.0NRT,268.33,2.82,N
20.97036,85.15466,298.84,0.55,0.42,2026-09-10,2017,N21,VIIRS,n,2.0NRT,266.02,1,N
20.97306,85.17531,299.21,0.55,0.43,2026-09-10,2017,N21,VIIRS,n,2.0NRT,268.43,1.08,N
20.97515,85.17178,304.77,0.55,0.42,2026-09-10,2017,N21,VIIRS,n,2.0NRT,268.81,1.47,N
20.97612,85.16662,297.35,0.55,0.42,2026-09-10,2017,N21,VIIRS,n,2.0NRT,267.98,1.47,N
20.97784,85.17099,302.58,0.55,0.42,2026-09-10,2017,N21,VIIRS,n,2.0NRT,268.18,1.08,N
21.37694,81.64027,302.86,0.39,0.36,2026-09-10,2017,N21,VIIRS,n,2.0NRT,274.08,0.76,N
21.48548,81.76911,295.14,0.4,0.37,2026-09-10,2017,N21,VIIRS,n,2.0NRT,264.85,0.41,N
22.26423,75.13145,299.8,0.4,0.44,2026-09-10,2017,N21,VIIRS,n,2.0NRT,276.95,0.96,N
22.93333,69.69787,307.85,0.46,0.63,2026-09-10,2017,N21,VIIRS,n,2.0NRT,292.78,2.41,N
23.32822,70.2144,303.81,0.43,0.62,2026-09-10,2017,N21,VIIRS,n,2.0NRT,292.08,0.77,N
24.1596,82.56532,304.86,0.4,0.37,2026-09-10,2017,N21,VIIRS,n,2.0NRT,272.93,1.01,N
24.20646,82.52596,298.17,0.4,0.37,2026-09-10,2017,N21,VIIRS,n,2.0NRT,275.18,0.73,N
24.6628,74.63235,305.65,0.46,0.47,2026-09-10,2017,N21,VIIRS,n,2.0NRT,294.87,2.33,N
24.76426,74.60631,310.84,0.46,0.47,2026-09-10,2017,N21,VIIRS,n,2.0NRT,294.87,2.58,N
25.38452,68.58169,307.4,0.57,0.69,2026-09-10,2017,N21,VIIRS,n,2.0NRT,294.15,0.99,N
25.38704,68.58024,315.78,0.57,0.69,2026-09-10,2017,N21,VIIRS,n,2.0NRT,294.19,2.06,N
25.54182,91.23454,298.31,0.35,0.57,2026-09-10,2017,N21,VIIRS,n,2.0NRT,286.49,0.37,N
25.7813,73.69701,304.39,0.54,0.51,2026-09-10,2017,N21,VIIRS,n,2.0NRT,294.38,1.07,N
28.34398,77.23093,306.66,0.54,0.42,2026-09-10,2017,N21,VIIRS,n,2.0NRT,294.04,5.47,N
28.3725,77.224,308.09,0.55,0.42,2026-09-10,2017,N21,VIIRS,n,2.0NRT,293.42,4.2,N
6.31923,81.33753,305.83,0.54,0.42,2026-09-10,2019,N21,VIIRS,n,2.0NRT,293.63,1.23,N
6.60608,80.89038,318.94,0.5,0.41,2026-09-10,2019,N21,VIIRS,n,2.0NRT,292.11,2.95,N
7.56059,80.69923,306.98,0.48,0.4,2026-09-10,2019,N21,VIIRS,n,2.0NRT,288.56,0.9,N
7.5612,80.69749,311.69,0.48,0.4,2026-09-10,2019,N21,VIIRS,n,2.0NRT,289.05,1.61,N
7.56122,80.69533,303.98,0.48,0.4,2026-09-10,2019,N21,VIIRS,n,2.0NRT,289.1,1.26,N
7.86869,80.65234,305.24,0.47,0.4,2026-09-10,2019,N21,VIIRS,n,2.0NRT,291.58,1.17,N
8.91433,80.78183,312.43,0.47,0.4,2026-09-10,2019,N21,VIIRS,n,2.0NRT,288.52,1.68,N
8.91794,80.78244,321.13,0.47,0.4,2026-09-10,2019,N21,VIIRS,n,2.0NRT,288.03,2.52,N
9.40665,77.73219,305.49,0.38,0.36,2026-09-10,2019,N21,VIIRS,n,2.0NRT,287.51,1.52,N
14.5182,77.85088,305.51,0.39,0.36,2026-09-10,2019,N21,VIIRS,n,2.0NRT,278.07,1.11,N
19.56989,71.36366,306.91,0.32,0.55,2026-09-10,2019,N21,VIIRS,n,2.0NRT,292.87,1.41,N
19.57022,71.3606,306.44,0.32,0.55,2026-09-10,2019,N21,VIIRS,n,2.0NRT,293.15,1.41,N
19.93538,73.71288,298.94,0.46,0.47,2026-09-10,2019,N21,VIIRS,n,2.0NRT,275.08,0.69,N
20.73184,70.91271,310.91,0.36,0.57,2026-09-10,2019,N21,VIIRS,n,2.0NRT,291.29,1.42,N
20.73192,70.91265,311.32,0.36,0.57,2026-09-10,2019,N21,VIIRS,n,2.0NRT,291.44,1.41,N
20.91126,71.4586,299.5,0.33,0.55,2026-09-10,2019,N21,VIIRS,n,2.0NRT,274.83,0.84,N
21.10214,72.64581,318.94,0.56,0.51,2026-09-10,2019,N21,VIIRS,n,2.0NRT,292.62,9.84,N
21.10329,72.63512,343.31,0.56,0.51,2026-09-10,2019,N21,VIIRS,n,2.0NRT,293.5,13.9,N
21.10685,72.64638,341.61,0.56,0.51,2026-09-10,2019,N21,VIIRS,n,2.0NRT,294.57,9.84,N
21.11273,72.63628,308.44,0.56,0.51,2026-09-10,2019,N21,VIIRS,n,2.0NRT,293.3,4.49,N
25.38611,68.58448,311.26,0.52,0.67,2026-09-10,2155,N21,VIIRS,n,2.0NRT,293.82,1.49,N
22.93134,69.69849,304.45,0.69,0.74,2026-09-10,2157,N21,VIIRS,n,2.0NRT,291.68,1.88,N
22.93361,69.70084,302.36,0.69,0.74,2026-09-10,2157,N21,VIIRS,n,2.0NRT,291.72,2.08,N
23.0551,69.99067,302.86,0.71,0.75,2026-09-10,2157,N21,VIIRS,n,2.0NRT,291.71,1.78,N