latitude,longitude,bright_ti4,scan,track,acq_date,acq_time,satellite,instrument,confidence,version,bright_ti5,frp,daynight,type
8.61166,80.28473,336.38,0.34,0.56,2026-05-30,728,N20,VIIRS,n,2,293.86,3.88,D,0
8.91022,80.91695,329.71,0.6,0.53,2026-05-30,728,N20,VIIRS,n,2,289.4,4.25,D,0
9.03808,79.85575,336.35,0.35,0.57,2026-05-30,728,N20,VIIRS,n,2,295.83,4.13,D,0
9.03866,79.85892,345.21,0.35,0.57,2026-05-30,728,N20,VIIRS,n,2,295.31,4.13,D,0
14.09782,76.48194,330.18,0.49,0.65,2026-05-30,729,N20,VIIRS,n,2,289.15,1.48,D,0
15.06035,75.82387,330.26,0.51,0.66,2026-05-30,730,N20,VIIRS,n,2,293.95,5.13,D,0
15.08661,76.92899,330.14,0.43,0.62,2026-05-30,730,N20,VIIRS,n,2,292.13,2.87,D,0
15.2217,75.98654,330.67,0.5,0.66,2026-05-30,730,N20,VIIRS,n,2,294.56,4.33,D,0
16.39902,78.29105,330.45,0.33,0.55,2026-05-30,730,N20,VIIRS,n,2,281.42,1.4,D,0
16.41867,78.258,333.54,0.33,0.55,2026-05-30,730,N20,VIIRS,n,2,286.56,2.8,D,0
16.42274,78.25634,333.5,0.33,0.55,2026-05-30,730,N20,VIIRS,n,2,286.86,1.33,D,0
16.42452,77.54306,333.83,0.37,0.58,2026-05-30,730,N20,VIIRS,n,2,299.16,1.69,D,0
16.49484,78.17091,334.18,0.34,0.56,2026-05-30,730,N20,VIIRS,n,2,286.35,1.41,D,0
16.49602,77.57374,331,0.37,0.58,2026-05-30,730,N20,VIIRS,n,2,300,1.08,D,0
16.52728,77.48559,333.62,0.37,0.58,2026-05-30,730,N20,VIIRS,n,2,300.23,2.71,D,0
16.61778,78.29716,331.13,0.33,0.55,2026-05-30,730,N20,VIIRS,n,2,290.55,1.81,D,0
16.69481,76.96477,339.07,0.4,0.6,2026-05-30,730,N20,VIIRS,n,2,301.26,2.79,D,0
16.69556,76.96846,333.68,0.4,0.6,2026-05-30,730,N20,VIIRS,n,2,301.42,2.79,D,0
16.6957,76.96426,340.91,0.4,0.6,2026-05-30,730,N20,VIIRS,n,2,300.75,2.66,D,0
16.69647,76.96794,330.9,0.4,0.6,2026-05-30,730,N20,VIIRS,l,2,301.51,2.66,D,0
16.77174,78.21172,336.22,0.33,0.55,2026-05-30,730,N20,VIIRS,n,2,297.24,2.26,D,0
16.86172,78.35241,331.64,0.32,0.55,2026-05-30,730,N20,VIIRS,n,2,298.69,2.04,D,0
16.88433,78.38384,332.52,0.32,0.55,2026-05-30,730,N20,VIIRS,n,2,298.73,1.26,D,0
17.21606,77.66178,330.32,0.35,0.57,2026-05-30,730,N20,VIIRS,l,2,301.51,1.43,D,0
17.28892,78.87039,343,0.58,0.52,2026-05-30,730,N20,VIIRS,n,2,294.38,10.26,D,0
17.28919,78.87255,355.88,0.58,0.52,2026-05-30,730,N20,VIIRS,n,2,293.58,12.15,D,0
17.30311,77.71253,331.71,0.35,0.57,2026-05-30,730,N20,VIIRS,l,2,302.91,0.84,D,0
17.33839,78.76989,334.98,0.59,0.53,2026-05-30,730,N20,VIIRS,n,2,302.35,6.42,D,0
17.34373,75.30882,333.83,0.5,0.66,2026-05-30,730,N20,VIIRS,n,2,301.52,5.3,D,0
17.34699,75.31015,336.19,0.5,0.66,2026-05-30,730,N20,VIIRS,n,2,302.97,5.21,D,0
17.3524,78.96697,339.69,0.57,0.52,2026-05-30,730,N20,VIIRS,n,2,295.56,5.1,D,0
17.35676,74.75969,330.89,0.54,0.68,2026-05-30,730,N20,VIIRS,n,2,299.1,3.3,D,0
17.40098,78.86282,343.35,0.58,0.52,2026-05-30,730,N20,VIIRS,n,2,301.64,6.68,D,0
17.40125,78.86118,342.14,0.58,0.52,2026-05-30,730,N20,VIIRS,n,2,301.28,5.05,D,0
17.4047,78.8565,332.26,0.58,0.52,2026-05-30,730,N20,VIIRS,n,2,301.25,3.33,D,0
17.40572,78.86182,333.19,0.58,0.52,2026-05-30,730,N20,VIIRS,n,2,300.71,3.33,D,0
17.40599,78.8602,336.26,0.58,0.52,2026-05-30,730,N20,VIIRS,n,2,300.51,3.82,D,0
17.43529,78.08037,331,0.33,0.55,2026-05-30,730,N20,VIIRS,l,2,302.39,0.91,D,0
17.54836,79.01193,336.18,0.57,0.52,2026-05-30,730,N20,VIIRS,n,2,298.33,3.92,D,0
17.56802,79.34063,332.89,0.54,0.51,2026-05-30,730,N20,VIIRS,n,2,287.08,1.87,D,0
17.5726,79.33969,332.44,0.54,0.51,2026-05-30,730,N20,VIIRS,n,2,288.63,1.87,D,0
17.58645,74.93523,351.07,0.52,0.67,2026-05-30,730,N20,VIIRS,n,2,301.94,8.23,D,0
17.58776,74.93707,337.37,0.52,0.67,2026-05-30,730,N20,VIIRS,n,2,301.8,7.06,D,0
17.58864,77.67884,330.84,0.35,0.56,2026-05-30,730,N20,VIIRS,l,2,303.57,1.05,D,0
17.62597,78.0997,332.07,0.32,0.55,2026-05-30,730,N20,VIIRS,n,2,301.16,1.27,D,0
17.63432,78.14124,331.93,0.32,0.55,2026-05-30,730,N20,VIIRS,l,2,302.52,1.73,D,0
17.6495,78.16563,330.68,0.32,0.55,2026-05-30,730,N20,VIIRS,l,2,302.85,1.78,D,0
17.65857,78.18526,330.28,0.32,0.54,2026-05-30,730,N20,VIIRS,l,2,302.25,1.3,D,0
17.68702,78.09174,330.27,0.32,0.55,2026-05-30,730,N20,VIIRS,l,2,301.5,1.33,D,0
17.69594,74.8194,331.73,0.53,0.67,2026-05-30,730,N20,VIIRS,n,2,301.34,1.32,D,0
17.70145,78.0356,334.96,0.32,0.55,2026-05-30,730,N20,VIIRS,n,2,303.49,2.75,D,0
17.70206,78.0386,332.16,0.32,0.55,2026-05-30,730,N20,VIIRS,l,2,302.44,1.96,D,0
17.70305,79.42771,335.27,0.53,0.5,2026-05-30,730,N20,VIIRS,n,2,295.7,3.63,D,0
17.71027,78.0023,340.78,0.33,0.55,2026-05-30,730,N20,VIIRS,n,2,303.99,1.62,D,0
17.75626,77.99871,344.35,0.33,0.55,2026-05-30,730,N20,VIIRS,n,2,304.01,2.4,D,0
17.77413,76.07302,333.38,0.44,0.62,2026-05-30,730,N20,VIIRS,l,2,304.9,3.64,D,0
17.77449,79.65636,333.91,0.51,0.49,2026-05-30,730,N20,VIIRS,n,2,289.42,4.64,D,0
17.77629,79.65366,331.31,0.51,0.49,2026-05-30,730,N20,VIIRS,n,2,288.03,5.71,D,0
17.78416,79.42908,336.28,0.53,0.5,2026-05-30,730,N20,VIIRS,n,2,299.18,3.34,D,0
17.78778,79.6171,347.69,0.51,0.49,2026-05-30,730,N20,VIIRS,n,2,294.37,6.37,D,0
17.8037,79.26288,330.83,0.54,0.51,2026-05-30,730,N20,VIIRS,n,2,300.77,3.1,D,0
17.82815,75.8163,335.56,0.45,0.63,2026-05-30,730,N20,VIIRS,n,2,303.95,2.24,D,0
17.82889,78.21032,331.59,0.63,0.54,2026-05-30,730,N20,VIIRS,l,2,303.67,2.66,D,0
17.83117,78.21405,336.03,0.63,0.54,2026-05-30,730,N20,VIIRS,n,2,304.1,6.21,D,0
17.83751,79.94446,341.02,0.49,0.48,2026-05-30,730,N20,VIIRS,n,2,297.57,4.88,D,0
17.83784,79.94653,337.9,0.49,0.48,2026-05-30,730,N20,VIIRS,n,2,297.8,3.61,D,0
17.85596,78.47784,334.56,0.6,0.53,2026-05-30,730,N20,VIIRS,n,2,303.51,3.66,D,0
17.87745,79.44555,332.18,0.52,0.5,2026-05-30,730,N20,VIIRS,n,2,300.03,5.51,D,0
17.91088,79.68966,331.18,0.5,0.49,2026-05-30,730,N20,VIIRS,n,2,297.37,2.24,D,0
17.91793,79.65434,331.09,0.5,0.49,2026-05-30,730,N20,VIIRS,n,2,297.65,4.87,D,0
17.92731,79.91422,339.76,0.49,0.48,2026-05-30,730,N20,VIIRS,n,2,291.19,4.29,D,0
17.95065,78.63373,330.99,0.59,0.53,2026-05-30,730,N20,VIIRS,l,2,302.27,2.5,D,0
17.95067,78.26455,334.07,0.62,0.54,2026-05-30,730,N20,VIIRS,n,2,303.99,4.46,D,0
17.98167,79.8187,337.7,0.49,0.49,2026-05-30,730,N20,VIIRS,n,2,294.87,3.49,D,0
17.98202,79.07719,338.27,0.55,0.51,2026-05-30,730,N20,VIIRS,n,2,305.39,4.75,D,0
18.02071,78.71385,333.08,0.58,0.52,2026-05-30,730,N20,VIIRS,l,2,305.16,3.6,D,0
18.0212,78.71201,333.84,0.58,0.52,2026-05-30,730,N20,VIIRS,l,2,305.55,2.15,D,0
18.02647,77.82093,336.74,0.33,0.55,2026-05-30,730,N20,VIIRS,n,2,303.03,1.46,D,0
18.03147,77.81979,352.91,0.33,0.55,2026-05-30,730,N20,VIIRS,n,2,303.99,4.35,D,0
18.03937,80.49524,333.77,0.44,0.46,2026-05-30,730,N20,VIIRS,n,2,300.46,4.82,D,0
18.04916,79.60002,334.36,0.51,0.49,2026-05-30,730,N20,VIIRS,n,2,303.74,2.92,D,0
18.05102,79.68224,335.91,0.5,0.49,2026-05-30,730,N20,VIIRS,n,2,302.73,4.05,D,0
18.05455,78.03735,330.22,0.32,0.55,2026-05-30,730,N20,VIIRS,l,2,303.26,1.35,D,0
18.05515,78.04032,336.44,0.32,0.55,2026-05-30,730,N20,VIIRS,n,2,302.92,1.35,D,0
18.0661,79.56713,343.66,0.51,0.49,2026-05-30,730,N20,VIIRS,n,2,305.17,3.98,D,0
18.07057,79.56618,336.26,0.51,0.49,2026-05-30,730,N20,VIIRS,n,2,304.07,3.98,D,0
18.0778,79.98816,343.36,0.48,0.48,2026-05-30,730,N20,VIIRS,n,2,297.72,7.7,D,0
18.08257,79.4024,334.76,0.52,0.5,2026-05-30,730,N20,VIIRS,l,2,305.08,2.28,D,0
18.08573,79.59724,335.62,0.51,0.49,2026-05-30,730,N20,VIIRS,n,2,304.1,1.87,D,0
18.08674,79.22931,335.5,0.53,0.5,2026-05-30,730,N20,VIIRS,n,2,304.38,3.21,D,0
18.08709,79.40147,332.89,0.52,0.5,2026-05-30,730,N20,VIIRS,l,2,304.47,1.59,D,0
18.08888,77.97704,338.01,0.32,0.55,2026-05-30,730,N20,VIIRS,n,2,303.19,3.62,D,0
18.10704,79.63674,335.31,0.5,0.49,2026-05-30,730,N20,VIIRS,n,2,303.38,3.18,D,0
18.10897,79.63333,345.54,0.5,0.49,2026-05-30,730,N20,VIIRS,n,2,303.59,5.62,D,0
18.11363,75.68086,332.8,0.46,0.63,2026-05-30,730,N20,VIIRS,l,2,303.28,1.53,D,0
18.11903,77.86776,332.66,0.33,0.55,2026-05-30,730,N20,VIIRS,l,2,303.87,2.22,D,0
18.124,77.86665,341.74,0.33,0.55,2026-05-30,730,N20,VIIRS,n,2,304.94,2.22,D,0
18.12479,78.43785,330.21,0.6,0.53,2026-05-30,730,N20,VIIRS,l,2,304.44,1.67,D,0
18.12564,79.57603,336.57,0.51,0.49,2026-05-30,730,N20,VIIRS,n,2,304.68,3.92,D,0
18.13793,80.04345,336.55,0.47,0.48,2026-05-30,730,N20,VIIRS,n,2,298.38,5.24,D,0
18.13958,80.05221,339.3,0.47,0.48,2026-05-30,730,N20,VIIRS,n,2,295.04,5.92,D,0
18.14777,79.47318,333.46,0.51,0.5,2026-05-30,730,N20,VIIRS,l,2,304.85,4.29,D,0
18.14825,77.85801,337.38,0.33,0.55,2026-05-30,730,N20,VIIRS,n,2,306.17,3,D,0
18.14929,78.65974,330.45,0.58,0.52,2026-05-30,730,N20,VIIRS,l,2,303.41,1.51,D,0
18.15316,79.47696,336.74,0.51,0.5,2026-05-30,730,N20,VIIRS,n,2,303.79,4.29,D,0
18.15407,79.48171,338.88,0.51,0.5,2026-05-30,730,N20,VIIRS,n,2,304.03,8.12,D,0
18.15518,79.80033,338.05,0.49,0.49,2026-05-30,730,N20,VIIRS,n,2,304.25,3.58,D,0
18.17969,79.85659,337.62,0.48,0.48,2026-05-30,730,N20,VIIRS,n,2,294.49,5.32,D,0
18.1802,79.95371,340.68,0.48,0.48,2026-05-30,730,N20,VIIRS,n,2,293.19,2.65,D,0
18.18867,77.77763,331.52,0.33,0.55,2026-05-30,730,N20,VIIRS,l,2,304.34,2.17,D,0
18.18896,79.56749,341.94,0.51,0.49,2026-05-30,730,N20,VIIRS,n,2,303.39,4.98,D,0
18.18984,79.57215,345.22,0.51,0.49,2026-05-30,730,N20,VIIRS,n,2,305.81,5.15,D,0
18.19095,79.56467,344.1,0.51,0.49,2026-05-30,730,N20,VIIRS,n,2,303.47,6.64,D,0
18.19135,79.72616,348.44,0.49,0.49,2026-05-30,730,N20,VIIRS,n,2,304.38,5.73,D,0
18.19186,79.56931,349.87,0.51,0.49,2026-05-30,730,N20,VIIRS,n,2,304.79,6.64,D,0
18.19342,79.56654,338.45,0.51,0.49,2026-05-30,730,N20,VIIRS,n,2,304.29,5.08,D,0
18.19374,79.83482,347.75,0.49,0.48,2026-05-30,730,N20,VIIRS,n,2,302.15,5.12,D,0
18.19751,79.73444,336.37,0.49,0.49,2026-05-30,730,N20,VIIRS,n,2,302.9,4.57,D,0
18.19843,79.46017,335.31,0.51,0.5,2026-05-30,730,N20,VIIRS,n,2,301.93,1.42,D,0
18.19856,77.90172,333.87,0.32,0.55,2026-05-30,730,N20,VIIRS,l,2,305.17,1.24,D,0
18.1988,77.90329,331.57,0.32,0.55,2026-05-30,730,N20,VIIRS,l,2,304.25,2.25,D,0
18.2009,79.59172,340.39,0.5,0.49,2026-05-30,730,N20,VIIRS,n,2,304.09,4.72,D,0
18.20105,79.7289,338.64,0.49,0.49,2026-05-30,730,N20,VIIRS,n,2,304.61,6.4,D,0
18.20192,79.73351,343.26,0.49,0.49,2026-05-30,730,N20,VIIRS,n,2,304.49,4.57,D,0
18.20316,79.59367,334.79,0.5,0.49,2026-05-30,730,N20,VIIRS,n,2,303.63,4.09,D,0
18.20459,79.72336,349.04,0.49,0.49,2026-05-30,730,N20,VIIRS,n,2,305.07,9.74,D,0
18.20633,79.73259,342.06,0.49,0.49,2026-05-30,730,N20,VIIRS,n,2,305.69,6.45,D,0
18.20741,79.64854,344.2,0.5,0.49,2026-05-30,730,N20,VIIRS,n,2,305.51,5.21,D,0
18.20757,80.14288,343.24,0.46,0.47,2026-05-30,730,N20,VIIRS,n,2,298.66,5.2,D,0
18.20764,79.50739,334.7,0.51,0.49,2026-05-30,730,N20,VIIRS,n,2,303.5,3.68,D,0
18.20814,79.71785,335.99,0.49,0.49,2026-05-30,730,N20,VIIRS,n,2,303.95,5.11,D,0
18.2084,80.14718,337.75,0.46,0.47,2026-05-30,730,N20,VIIRS,n,2,296.84,2.98,D,0
18.20926,79.6506,342.64,0.5,0.49,2026-05-30,730,N20,VIIRS,n,2,304.89,5.42,D,0
18.20987,79.72706,342.15,0.49,0.49,2026-05-30,730,N20,VIIRS,n,2,305.04,9.74,D,0
18.21074,79.73167,345.35,0.49,0.49,2026-05-30,730,N20,VIIRS,n,2,306,6.45,D,0
18.21211,79.50645,337.7,0.51,0.49,2026-05-30,730,N20,VIIRS,n,2,302.83,3.68,D,0
18.21634,79.28603,332.2,0.53,0.5,2026-05-30,730,N20,VIIRS,l,2,303.51,4.78,D,0
18.21869,79.7252,334.63,0.49,0.49,2026-05-30,730,N20,VIIRS,n,2,303.81,2.26,D,0
18.22178,79.72198,336.01,0.49,0.49,2026-05-30,730,N20,VIIRS,n,2,305.96,1.97,D,0
18.22577,79.57674,340.84,0.5,0.49,2026-05-30,730,N20,VIIRS,n,2,302.49,2.94,D,0
18.22668,79.58141,334.79,0.5,0.49,2026-05-30,730,N20,VIIRS,n,2,301.73,2.94,D,0
18.22842,79.56651,337.41,0.5,0.49,2026-05-30,730,N20,VIIRS,n,2,302.64,2.12,D,0
18.22857,79.05855,332.09,0.54,0.51,2026-05-30,730,N20,VIIRS,l,2,304.83,3.14,D,0
18.23288,79.56557,333.02,0.5,0.49,2026-05-30,730,N20,VIIRS,n,2,301.94,2.12,D,0
18.23706,79.46676,336.18,0.51,0.5,2026-05-30,730,N20,VIIRS,n,2,303.74,6.48,D,0
18.23738,79.58885,333.9,0.5,0.49,2026-05-30,730,N20,VIIRS,n,2,302.89,2.11,D,0
18.24235,77.9388,334.08,0.32,0.55,2026-05-30,730,N20,VIIRS,l,2,307.16,1.69,D,0
18.24404,79.11269,334.58,0.54,0.51,2026-05-30,730,N20,VIIRS,l,2,304.82,3.23,D,0
18.24413,79.43066,340.42,0.51,0.5,2026-05-30,730,N20,VIIRS,n,2,303.94,6.73,D,0
18.24693,79.4696,335.8,0.51,0.49,2026-05-30,730,N20,VIIRS,n,2,301.99,4.53,D,0
18.24862,79.4297,335.34,0.51,0.5,2026-05-30,730,N20,VIIRS,n,2,303.78,3.92,D,0
18.24891,79.55254,347.35,0.51,0.49,2026-05-30,730,N20,VIIRS,n,2,301.79,13.25,D,0
18.24959,79.96226,335.03,0.48,0.48,2026-05-30,730,N20,VIIRS,n,2,300.16,3.28,D,0
18.25144,79.94804,335.82,0.48,0.48,2026-05-30,730,N20,VIIRS,n,2,299.96,3.13,D,0
18.25337,79.5516,330.53,0.51,0.49,2026-05-30,730,N20,VIIRS,n,2,300.32,1.86,D,0
18.25493,80.2044,330.79,0.46,0.47,2026-05-30,730,N20,VIIRS,n,2,294.77,2.72,D,0
18.2555,77.9016,335.03,0.32,0.55,2026-05-30,730,N20,VIIRS,l,2,306.47,2.33,D,0
18.26076,79.27135,334.96,0.53,0.5,2026-05-30,730,N20,VIIRS,n,2,304.57,3.45,D,0
18.26146,79.2735,333.38,0.53,0.5,2026-05-30,730,N20,VIIRS,l,2,304.36,1.35,D,0
18.26281,78.98816,333.39,0.55,0.51,2026-05-30,730,N20,VIIRS,l,2,305.47,2.69,D,0
18.2653,79.9497,344.09,0.48,0.48,2026-05-30,730,N20,VIIRS,n,2,299.94,6.59,D,0
18.26569,77.84923,367,0.33,0.55,2026-05-30,730,N20,VIIRS,h,2,305.86,4.92,D,0
18.26629,77.85223,338.24,0.33,0.55,2026-05-30,730,N20,VIIRS,n,2,303.26,4.92,D,0
18.26646,79.95135,345.52,0.48,0.48,2026-05-30,730,N20,VIIRS,n,2,300.44,8.88,D,0
18.26909,78.97092,335.56,0.55,0.51,2026-05-30,730,N20,VIIRS,n,2,304.54,3.05,D,0
18.26942,79.61121,331.98,0.5,0.49,2026-05-30,730,N20,VIIRS,l,2,301.99,2.99,D,0
18.26942,79.70725,338.38,0.49,0.49,2026-05-30,730,N20,VIIRS,n,2,304.99,2.94,D,0
18.27031,79.61584,331.9,0.5,0.49,2026-05-30,730,N20,VIIRS,l,2,302.54,2.53,D,0
18.27053,77.76943,344.71,0.33,0.55,2026-05-30,730,N20,VIIRS,n,2,307.76,3.64,D,0
18.27113,77.77245,339.94,0.33,0.55,2026-05-30,730,N20,VIIRS,n,2,307.35,4.06,D,0
18.27497,77.7677,336.6,0.33,0.55,2026-05-30,730,N20,VIIRS,l,2,306.79,2.84,D,0
18.27559,77.77071,344.84,0.33,0.55,2026-05-30,730,N20,VIIRS,n,2,306.79,3.33,D,0
18.27652,79.62419,339.22,0.5,0.49,2026-05-30,730,N20,VIIRS,n,2,304.74,3.66,D,0
18.28562,79.93356,334.46,0.48,0.48,2026-05-30,730,N20,VIIRS,n,2,303.17,6.8,D,0
18.28863,77.83375,336.65,0.33,0.55,2026-05-30,730,N20,VIIRS,l,2,308.24,3.68,D,0
18.28872,77.83457,339.05,0.33,0.55,2026-05-30,730,N20,VIIRS,n,2,308.23,2.56,D,0
18.29073,79.9601,334.9,0.48,0.48,2026-05-30,730,N20,VIIRS,n,2,299.81,3.68,D,0
18.29158,79.63065,339.79,0.5,0.49,2026-05-30,730,N20,VIIRS,n,2,305.91,3.79,D,0
18.29398,79.14866,331.31,0.54,0.51,2026-05-30,730,N20,VIIRS,l,2,303.61,1.92,D,0
18.29467,79.46635,333.64,0.51,0.49,2026-05-30,730,N20,VIIRS,n,2,301.57,1.93,D,0
18.2971,79.46381,346.03,0.51,0.49,2026-05-30,730,N20,VIIRS,n,2,302.53,6.25,D,0
18.29821,79.46063,334.67,0.51,0.49,2026-05-30,730,N20,VIIRS,n,2,302.89,3.25,D,0
18.30639,79.94763,336.27,0.48,0.48,2026-05-30,730,N20,VIIRS,n,2,304.65,3,D,0
18.30674,79.14078,341.55,0.54,0.51,2026-05-30,730,N20,VIIRS,n,2,302.42,4.75,D,0
18.30724,79.95206,338.42,0.48,0.48,2026-05-30,730,N20,VIIRS,n,2,301.65,3,D,0
18.30812,79.31918,338.64,0.52,0.5,2026-05-30,730,N20,VIIRS,n,2,305.22,5.61,D,0
18.31006,79.6796,335.62,0.5,0.49,2026-05-30,730,N20,VIIRS,n,2,305.48,1.92,D,0
18.31073,79.94673,337.61,0.48,0.48,2026-05-30,730,N20,VIIRS,n,2,301.78,3.05,D,0
18.31243,79.76471,337.88,0.49,0.48,2026-05-30,730,N20,VIIRS,n,2,304.45,3.49,D,0
18.32714,79.51347,336.74,0.51,0.49,2026-05-30,730,N20,VIIRS,n,2,304.57,5.42,D,0
18.33025,79.40928,343.64,0.51,0.5,2026-05-30,730,N20,VIIRS,n,2,304.96,14.57,D,0
18.33385,79.85391,349.92,0.48,0.48,2026-05-30,730,N20,VIIRS,n,2,305.06,9.14,D,0
18.33566,79.41306,347.33,0.51,0.5,2026-05-30,730,N20,VIIRS,n,2,306.73,12.18,D,0
18.33618,77.96452,334.45,0.32,0.55,2026-05-30,730,N20,VIIRS,l,2,307.53,2.64,D,0
18.33821,79.85298,349.43,0.48,0.48,2026-05-30,730,N20,VIIRS,n,2,303.76,8.21,D,0
18.33905,79.85744,335.99,0.48,0.48,2026-05-30,730,N20,VIIRS,n,2,303.68,3.03,D,0
18.33931,79.76521,348.67,0.49,0.48,2026-05-30,730,N20,VIIRS,n,2,308.46,25.9,D,0
18.33962,79.76363,343.96,0.49,0.48,2026-05-30,730,N20,VIIRS,n,2,306.57,13.85,D,0
18.34047,79.76817,345.42,0.49,0.48,2026-05-30,730,N20,VIIRS,n,2,306.13,13.85,D,0
18.34341,79.85652,336.22,0.48,0.48,2026-05-30,730,N20,VIIRS,n,2,305.36,3.03,D,0
18.34454,79.38631,343.46,0.52,0.5,2026-05-30,730,N20,VIIRS,n,2,305.79,11.5,D,0
18.34546,79.39108,343.72,0.52,0.5,2026-05-30,730,N20,VIIRS,n,2,304.95,11.5,D,0
18.34637,79.39584,343.51,0.52,0.5,2026-05-30,730,N20,VIIRS,n,2,305.6,7.6,D,0
18.34729,79.40062,343.72,0.51,0.5,2026-05-30,730,N20,VIIRS,n,2,304.8,7.6,D,0
18.3482,79.01386,354.06,0.55,0.51,2026-05-30,730,N20,VIIRS,n,2,306.25,13.39,D,0
18.34904,79.38536,341.77,0.52,0.5,2026-05-30,730,N20,VIIRS,n,2,305.89,6.15,D,0
18.35354,79.38443,344.36,0.52,0.5,2026-05-30,730,N20,VIIRS,n,2,305.54,6.15,D,0
18.35604,79.32388,356.05,0.52,0.5,2026-05-30,730,N20,VIIRS,n,2,307.91,10.92,D,0
18.35663,77.70693,334.68,0.33,0.55,2026-05-30,730,N20,VIIRS,l,2,309.29,1.83,D,0
18.35865,78.34103,332.65,0.6,0.53,2026-05-30,730,N20,VIIRS,l,2,305.18,1.46,D,0
18.35874,79.04314,332.11,0.54,0.51,2026-05-30,730,N20,VIIRS,l,2,305.35,2.66,D,0
18.36078,78.03484,333.87,0.63,0.54,2026-05-30,730,N20,VIIRS,l,2,306.32,5.84,D,0
18.36125,78.32879,343.2,0.6,0.53,2026-05-30,730,N20,VIIRS,n,2,305.11,7.3,D,0
18.36298,78.78334,337.96,0.56,0.52,2026-05-30,730,N20,VIIRS,n,2,306.9,5.45,D,0
18.3982,78.33822,340.25,0.6,0.53,2026-05-30,730,N20,VIIRS,n,2,307.6,3.75,D,0
18.40168,78.33611,343.27,0.6,0.53,2026-05-30,730,N20,VIIRS,n,2,309.1,4.97,D,0
18.40653,79.49165,341.51,0.51,0.49,2026-05-30,730,N20,VIIRS,n,2,307.33,6.72,D,0
18.40711,79.45856,346.28,0.51,0.49,2026-05-30,730,N20,VIIRS,n,2,307.57,7.56,D,0
18.40818,79.48777,338.03,0.51,0.49,2026-05-30,730,N20,VIIRS,n,2,307.38,8.07,D,0
18.4091,79.49245,342.22,0.51,0.49,2026-05-30,730,N20,VIIRS,n,2,305.12,4.25,D,0
18.4091,79.55437,340.37,0.5,0.49,2026-05-30,730,N20,VIIRS,n,2,307.23,7.22,D,0
18.4113,80.07576,336.24,0.47,0.47,2026-05-30,730,N20,VIIRS,n,2,302.57,5.41,D,0
18.4121,79.55502,343.36,0.5,0.49,2026-05-30,730,N20,VIIRS,n,2,307.09,7.21,D,0
18.41319,80.07644,337.73,0.46,0.47,2026-05-30,730,N20,VIIRS,n,2,303.5,6.8,D,0
18.41745,79.55873,334.86,0.5,0.49,2026-05-30,730,N20,VIIRS,n,2,304.45,4.44,D,0
18.42467,77.86454,334.33,0.32,0.55,2026-05-30,730,N20,VIIRS,l,2,307.35,2.38,D,0
18.44417,79.06911,334.9,0.54,0.51,2026-05-30,730,N20,VIIRS,n,2,304.61,4.56,D,0
18.44421,79.33686,341.14,0.52,0.5,2026-05-30,730,N20,VIIRS,n,2,307.35,6.57,D,0
18.44464,79.43604,342.37,0.51,0.49,2026-05-30,730,N20,VIIRS,n,2,307.88,5.06,D,0
18.44555,79.44077,336.7,0.51,0.49,2026-05-30,730,N20,VIIRS,n,2,306.11,5.06,D,0
18.44871,79.33588,355.89,0.52,0.5,2026-05-30,730,N20,VIIRS,n,2,308.13,13.12,D,0
18.44963,79.34065,345.7,0.52,0.5,2026-05-30,730,N20,VIIRS,n,2,308.41,13.12,D,0
18.45583,76.56637,339.84,0.39,0.6,2026-05-30,730,N20,VIIRS,n,2,306.91,2.44,D,0
18.46578,80.04748,340.77,0.47,0.47,2026-05-30,730,N20,VIIRS,n,2,302.7,6.51,D,0
18.47242,79.4596,340.21,0.51,0.49,2026-05-30,730,N20,VIIRS,n,2,306.3,5.29,D,0
18.47808,79.14455,344.69,0.53,0.5,2026-05-30,730,N20,VIIRS,n,2,306.6,5.19,D,0
18.49046,80.27253,330.16,0.45,0.47,2026-05-30,730,N20,VIIRS,n,2,296.68,2.3,D,0
18.49347,80.02819,350.37,0.47,0.48,2026-05-30,730,N20,VIIRS,n,2,306.56,12.15,D,0
18.50095,79.53632,343.38,0.5,0.49,2026-05-30,730,N20,VIIRS,n,2,306.45,10.49,D,0
18.51405,79.44776,344.69,0.51,0.49,2026-05-30,730,N20,VIIRS,n,2,305.57,6.05,D,0
18.51475,79.7056,344.04,0.49,0.48,2026-05-30,730,N20,VIIRS,n,2,304.36,6.47,D,0
18.52442,79.23675,332.3,0.52,0.5,2026-05-30,730,N20,VIIRS,l,2,305.09,1.4,D,0
18.52755,79.46931,334.56,0.51,0.49,2026-05-30,730,N20,VIIRS,l,2,305.41,3.78,D,0
18.53418,79.35976,354.55,0.51,0.5,2026-05-30,730,N20,VIIRS,n,2,307.75,5.67,D,0
18.53457,79.2649,334.57,0.52,0.5,2026-05-30,730,N20,VIIRS,l,2,307.26,2.87,D,0
18.5351,79.36453,339.03,0.51,0.5,2026-05-30,730,N20,VIIRS,n,2,305.92,5.67,D,0
18.53624,80.07825,342.61,0.46,0.47,2026-05-30,730,N20,VIIRS,n,2,302.13,8.8,D,0
18.53774,79.35401,342.81,0.51,0.5,2026-05-30,730,N20,VIIRS,n,2,306.42,7.14,D,0
18.53867,79.35879,345.78,0.51,0.5,2026-05-30,730,N20,VIIRS,n,2,307.31,5.67,D,0
18.53959,79.36356,344.52,0.51,0.5,2026-05-30,730,N20,VIIRS,n,2,306.46,5.67,D,0
18.54265,79.45147,334.31,0.51,0.49,2026-05-30,730,N20,VIIRS,l,2,304.36,3.05,D,0
18.54761,80.48444,338.39,0.44,0.46,2026-05-30,730,N20,VIIRS,n,2,299.83,4.24,D,0
18.54838,80.48856,334.3,0.44,0.46,2026-05-30,730,N20,VIIRS,n,2,298.48,2.41,D,0
18.5497,80.10212,347.52,0.46,0.47,2026-05-30,730,N20,VIIRS,n,2,303.02,8.16,D,0
18.55301,79.16257,335.57,0.53,0.5,2026-05-30,730,N20,VIIRS,l,2,305.94,1.47,D,0
18.55304,79.16464,338.44,0.53,0.5,2026-05-30,730,N20,VIIRS,n,2,305.93,4.22,D,0
18.5548,80.10551,338.88,0.46,0.47,2026-05-30,730,N20,VIIRS,n,2,302.97,7.64,D,0
18.55758,79.16368,337.71,0.53,0.5,2026-05-30,730,N20,VIIRS,l,2,308.69,4.22,D,0
18.55853,79.16652,341.22,0.53,0.5,2026-05-30,730,N20,VIIRS,n,2,307.83,3.91,D,0
18.55936,79.36924,334.84,0.51,0.5,2026-05-30,730,N20,VIIRS,l,2,305.11,6.37,D,0
18.56011,79.7306,343.22,0.49,0.48,2026-05-30,730,N20,VIIRS,n,2,303.91,6.93,D,0
18.56022,79.729,341.6,0.49,0.48,2026-05-30,730,N20,VIIRS,n,2,304.66,7.25,D,0
18.56331,79.48634,345.28,0.5,0.49,2026-05-30,730,N20,VIIRS,n,2,306.02,4.92,D,0
18.56476,79.07803,346.79,0.54,0.5,2026-05-30,730,N20,VIIRS,n,2,309.55,11.46,D,0
18.56776,79.48542,335.79,0.5,0.49,2026-05-30,730,N20,VIIRS,l,2,307.03,7.9,D,0
18.56867,79.49011,346.22,0.5,0.49,2026-05-30,730,N20,VIIRS,n,2,306.02,5.99,D,0
18.57073,80.04856,334.29,0.46,0.47,2026-05-30,730,N20,VIIRS,n,2,302.54,2.06,D,0
18.57312,79.48921,345.16,0.5,0.49,2026-05-30,730,N20,VIIRS,n,2,307.65,5.99,D,0
18.57705,79.26589,341.92,0.52,0.5,2026-05-30,730,N20,VIIRS,n,2,308.81,7.98,D,0
18.57775,79.26357,340.85,0.52,0.5,2026-05-30,730,N20,VIIRS,n,2,308.87,3.98,D,0
18.57871,79.2684,338.66,0.52,0.5,2026-05-30,730,N20,VIIRS,l,2,308.87,3.98,D,0
18.58177,79.04338,340.36,0.54,0.51,2026-05-30,730,N20,VIIRS,n,2,308.44,4.95,D,0
18.58322,79.26742,331.72,0.52,0.5,2026-05-30,730,N20,VIIRS,l,2,305.05,3.98,D,0
18.58424,79.25429,341.1,0.52,0.5,2026-05-30,730,N20,VIIRS,n,2,307.21,10.9,D,0
18.58455,79.85918,339.49,0.48,0.48,2026-05-30,730,N20,VIIRS,n,2,303.34,6.89,D,0
18.58516,79.2591,346.07,0.52,0.5,2026-05-30,730,N20,VIIRS,n,2,306.9,9.97,D,0
18.58536,79.8604,337.43,0.48,0.48,2026-05-30,730,N20,VIIRS,n,2,303.73,6.25,D,0
18.58583,79.25683,351.34,0.52,0.5,2026-05-30,730,N20,VIIRS,n,2,308.07,20.51,D,0
18.58607,79.26391,346.6,0.52,0.5,2026-05-30,730,N20,VIIRS,n,2,306.7,9.97,D,0
18.58677,79.26163,340.56,0.52,0.5,2026-05-30,730,N20,VIIRS,n,2,306.98,5.71,D,0
18.58932,79.34581,336.55,0.51,0.5,2026-05-30,730,N20,VIIRS,l,2,307.53,4.98,D,0
18.59163,79.34261,334.98,0.51,0.5,2026-05-30,730,N20,VIIRS,l,2,305.35,3.48,D,0
18.59789,79.29424,333.69,0.52,0.5,2026-05-30,730,N20,VIIRS,l,2,305.46,0.82,D,0
18.63951,79.31552,336.48,0.51,0.5,2026-05-30,730,N20,VIIRS,l,2,307.52,3.23,D,0
18.64373,79.61829,338.25,0.49,0.49,2026-05-30,730,N20,VIIRS,n,2,306.31,3.34,D,0
18.64473,80.34925,341.09,0.44,0.46,2026-05-30,730,N20,VIIRS,n,2,297.52,3.6,D,0
18.67904,79.32664,338.03,0.51,0.5,2026-05-30,730,N20,VIIRS,n,2,307.52,3.51,D,0
18.6799,79.30668,334.43,0.51,0.5,2026-05-30,730,N20,VIIRS,l,2,306.4,1.95,D,0
18.68268,79.34569,343.73,0.51,0.49,2026-05-30,730,N20,VIIRS,n,2,307.97,9.44,D,0
18.6896,78.66601,334.55,0.57,0.52,2026-05-30,730,N20,VIIRS,l,2,306.43,2.65,D,0
18.69109,78.66405,336.49,0.57,0.52,2026-05-30,730,N20,VIIRS,l,2,306.69,2.8,D,0
18.69537,79.43642,351.4,0.5,0.49,2026-05-30,730,N20,VIIRS,n,2,308.44,9,D,0
18.71041,79.3119,338.7,0.51,0.5,2026-05-30,730,N20,VIIRS,n,2,307.19,4.26,D,0
18.71079,78.81079,338.81,0.55,0.51,2026-05-30,730,N20,VIIRS,n,2,306.69,4.53,D,0
18.71293,78.81219,338.25,0.55,0.51,2026-05-30,730,N20,VIIRS,n,2,307.17,6.21,D,0
18.75134,79.0377,343.25,0.53,0.5,2026-05-30,730,N20,VIIRS,n,2,306.52,6.55,D,0
18.75183,79.03964,343.46,0.53,0.5,2026-05-30,730,N20,VIIRS,n,2,306.9,6.34,D,0
18.76291,78.3063,344.13,0.6,0.53,2026-05-30,730,N20,VIIRS,n,2,308.31,5.08,D,0
18.76383,79.79701,345.89,0.48,0.48,2026-05-30,730,N20,VIIRS,n,2,305.44,5.58,D,0
18.76515,79.73193,341.05,0.48,0.48,2026-05-30,730,N20,VIIRS,n,2,306.06,6.6,D,0
18.76653,79.21485,338.17,0.52,0.5,2026-05-30,730,N20,VIIRS,n,2,306.51,3.67,D,0
18.76818,79.79613,338.64,0.48,0.48,2026-05-30,730,N20,VIIRS,n,2,305.56,5.58,D,0
18.7682,78.68433,339.27,0.56,0.52,2026-05-30,730,N20,VIIRS,l,2,309.74,4.33,D,0
18.76893,79.72791,335.62,0.48,0.48,2026-05-30,730,N20,VIIRS,n,2,304.67,3.73,D,0
18.7695,79.73097,343.29,0.48,0.48,2026-05-30,730,N20,VIIRS,n,2,304.87,7.49,D,0
18.76981,79.73237,339.09,0.48,0.48,2026-05-30,730,N20,VIIRS,n,2,306.38,3.73,D,0
18.78746,79.27526,339.87,0.51,0.5,2026-05-30,730,N20,VIIRS,n,2,309.06,8.75,D,0
18.81156,78.78281,341.3,0.55,0.51,2026-05-30,730,N20,VIIRS,n,2,306.42,5.55,D,0
18.81442,78.78365,338.07,0.55,0.51,2026-05-30,730,N20,VIIRS,n,2,305.71,5.82,D,0
18.82548,79.76231,349.13,0.48,0.48,2026-05-30,730,N20,VIIRS,n,2,308.1,9.77,D,0
18.82898,79.75694,349.97,0.48,0.48,2026-05-30,730,N20,VIIRS,n,2,310.68,15.37,D,0
18.82984,79.76141,346.48,0.48,0.48,2026-05-30,730,N20,VIIRS,n,2,308.18,12.72,D,0
18.83027,79.07704,334.1,0.53,0.5,2026-05-30,730,N20,VIIRS,l,2,305.77,3.95,D,0
18.86849,80.21446,332.1,0.45,0.47,2026-05-30,730,N20,VIIRS,l,2,306.44,2.04,D,0
18.86862,78.86236,343.68,0.55,0.51,2026-05-30,730,N20,VIIRS,n,2,305.87,8.95,D,0
18.87214,80.21455,332.62,0.45,0.47,2026-05-30,730,N20,VIIRS,l,2,306.03,1.76,D,0
18.87235,80.00748,332.02,0.46,0.47,2026-05-30,730,N20,VIIRS,n,2,301.9,1.3,D,0
18.87663,80.00661,334.9,0.46,0.47,2026-05-30,730,N20,VIIRS,n,2,302.36,1.41,D,0
18.88791,79.1559,345.28,0.52,0.5,2026-05-30,730,N20,VIIRS,n,2,307.21,8.56,D,0
18.88881,79.15665,344.58,0.52,0.5,2026-05-30,730,N20,VIIRS,n,2,306.17,12.98,D,0
18.89622,78.65779,344.8,0.56,0.52,2026-05-30,730,N20,VIIRS,n,2,308.55,5.64,D,0
18.91463,78.92612,335.53,0.54,0.51,2026-05-30,730,N20,VIIRS,n,2,303.44,3.73,D,0
18.91854,78.798,338.21,0.55,0.51,2026-05-30,730,N20,VIIRS,n,2,306.64,5.54,D,0
18.93505,79.27239,339.89,0.51,0.49,2026-05-30,730,N20,VIIRS,n,2,305.72,5.35,D,0
18.97064,79.78481,349.85,0.47,0.48,2026-05-30,730,N20,VIIRS,n,2,308.65,9.68,D,0
19.00371,79.69513,342.4,0.48,0.48,2026-05-30,730,N20,VIIRS,n,2,305.78,4.6,D,0
19.20725,80.82874,331.91,0.4,0.45,2026-05-30,730,N20,VIIRS,n,2,299.88,1.99,D,0
19.20979,81.20732,336.35,0.39,0.44,2026-05-30,730,N20,VIIRS,n,2,303.5,2.98,D,0
19.24091,80.60095,330.67,0.42,0.45,2026-05-30,730,N20,VIIRS,l,2,304.68,1.19,D,0
18.32376,74.10883,333.17,0.57,0.69,2026-05-30,731,N20,VIIRS,n,2,299.43,1.35,D,0
18.37561,75.11085,351.55,0.49,0.65,2026-05-30,731,N20,VIIRS,n,2,299.53,8.34,D,0
18.4581,76.56622,334.46,0.39,0.59,2026-05-30,731,N20,VIIRS,l,2,306.18,2.01,D,0
18.71022,76.79679,333.45,0.37,0.58,2026-05-30,731,N20,VIIRS,l,2,303.84,1.74,D,0
18.71291,73.57708,334.81,0.61,0.71,2026-05-30,731,N20,VIIRS,n,2,297.27,9.06,D,0
18.8934,78.65662,346.01,0.56,0.52,2026-05-30,731,N20,VIIRS,n,2,307.83,7.17,D,0
18.9144,78.54221,337.14,0.57,0.52,2026-05-30,731,N20,VIIRS,n,2,306.43,2,D,0
18.92135,78.79548,334.87,0.55,0.51,2026-05-30,731,N20,VIIRS,l,2,306.9,2.49,D,0
18.92792,78.06684,335.16,0.61,0.54,2026-05-30,731,N20,VIIRS,l,2,307.69,4.99,D,0
18.94945,78.86382,335.07,0.54,0.51,2026-05-30,731,N20,VIIRS,n,2,303.8,3.22,D,0
18.9982,79.08538,335.31,0.52,0.5,2026-05-30,731,N20,VIIRS,n,2,302.71,3.52,D,0
19.02751,73.29307,331.23,0.62,0.71,2026-05-30,731,N20,VIIRS,n,2,293.65,6.07,D,0
19.04408,78.27351,337.04,0.59,0.53,2026-05-30,731,N20,VIIRS,l,2,307.73,2.98,D,0
19.05333,79.15053,337.86,0.52,0.5,2026-05-30,731,N20,VIIRS,n,2,305.69,6.83,D,0
19.06778,78.9341,343.66,0.53,0.5,2026-05-30,731,N20,VIIRS,n,2,304.35,7.29,D,0
19.06872,78.93655,347.35,0.54,0.5,2026-05-30,731,N20,VIIRS,n,2,305.88,10.18,D,0
19.06876,78.93905,335.36,0.53,0.5,2026-05-30,731,N20,VIIRS,n,2,304.13,7.29,D,0
19.06878,79.06013,335.08,0.53,0.5,2026-05-30,731,N20,VIIRS,n,2,304.97,3.27,D,0
19.06968,78.94152,333.08,0.53,0.5,2026-05-30,731,N20,VIIRS,n,2,301.51,3.32,D,0
19.11783,79.64954,335.92,0.48,0.48,2026-05-30,731,N20,VIIRS,l,2,306.06,3.99,D,0
19.13662,79.77012,340.82,0.47,0.48,2026-05-30,731,N20,VIIRS,n,2,307.6,4.54,D,0
19.16066,77.98847,343.85,0.61,0.54,2026-05-30,731,N20,VIIRS,n,2,310.94,12.83,D,0
19.16449,79.72762,342.26,0.47,0.48,2026-05-30,731,N20,VIIRS,n,2,306.96,5.72,D,0
19.16534,79.73203,338.49,0.47,0.48,2026-05-30,731,N20,VIIRS,n,2,307.45,5.58,D,0
19.17469,79.7575,344.63,0.47,0.48,2026-05-30,731,N20,VIIRS,n,2,309.24,4.14,D,0
19.17901,79.75655,337.85,0.47,0.48,2026-05-30,731,N20,VIIRS,n,2,307.58,4.14,D,0
19.18083,79.74242,339.34,0.47,0.48,2026-05-30,731,N20,VIIRS,n,2,307.23,2.27,D,0
19.18974,77.96738,338.5,0.61,0.54,2026-05-30,731,N20,VIIRS,l,2,309.17,9.92,D,0
19.19229,77.96958,337.49,0.61,0.54,2026-05-30,731,N20,VIIRS,l,2,308.92,12.02,D,0
19.19365,79.76261,335.75,0.47,0.48,2026-05-30,731,N20,VIIRS,l,2,308.14,2.81,D,0
19.20012,79.82051,346.26,0.47,0.48,2026-05-30,731,N20,VIIRS,n,2,307.51,8.71,D,0
19.21589,79.42725,336.17,0.49,0.49,2026-05-30,731,N20,VIIRS,n,2,302.52,5.26,D,0
19.21754,76.46866,334.31,0.38,0.59,2026-05-30,731,N20,VIIRS,l,2,305.6,1.34,D,0
19.22022,76.46864,336.97,0.38,0.59,2026-05-30,731,N20,VIIRS,n,2,305.18,2.42,D,0
19.25326,78.20242,335.98,0.59,0.53,2026-05-30,731,N20,VIIRS,n,2,305.93,3.1,D,0
19.29247,73.5602,331.44,0.59,0.7,2026-05-30,731,N20,VIIRS,n,2,296.53,3.2,D,0
19.36364,80.06331,336.06,0.45,0.47,2026-05-30,731,N20,VIIRS,n,2,305.6,2.16,D,0
19.3758,81.079,340.06,0.39,0.44,2026-05-30,731,N20,VIIRS,n,2,293.13,2.65,D,0
19.4622,77.32452,338.03,0.33,0.56,2026-05-30,731,N20,VIIRS,l,2,308.73,1.37,D,0
19.54666,80.13149,331.82,0.44,0.46,2026-05-30,731,N20,VIIRS,l,2,306.02,1.96,D,0
19.54822,80.13969,330.58,0.44,0.46,2026-05-30,731,N20,VIIRS,l,2,304.69,3.95,D,0
19.57149,80.14756,345.53,0.44,0.46,2026-05-30,731,N20,VIIRS,n,2,308.22,9.77,D,0
19.57305,80.15587,342.23,0.44,0.46,2026-05-30,731,N20,VIIRS,n,2,305.64,3.76,D,0
19.57648,80.15095,343.07,0.44,0.46,2026-05-30,731,N20,VIIRS,n,2,309.05,11.01,D,0
19.57726,80.15509,345.04,0.44,0.46,2026-05-30,731,N20,VIIRS,n,2,307.54,8.3,D,0
19.59339,79.5216,339.38,0.48,0.48,2026-05-30,731,N20,VIIRS,n,2,304.02,5.81,D,0
19.61247,81.04417,336.34,0.39,0.44,2026-05-30,731,N20,VIIRS,l,2,309.65,2.91,D,0
19.62106,79.9942,344.4,0.45,0.47,2026-05-30,731,N20,VIIRS,n,2,307.65,5.9,D,0
19.64672,80.03673,337.08,0.44,0.46,2026-05-30,731,N20,VIIRS,l,2,309.67,4.67,D,0
19.64751,80.04091,341.68,0.44,0.46,2026-05-30,731,N20,VIIRS,n,2,309.34,4.67,D,0
19.6611,80.87406,333.24,0.4,0.44,2026-05-30,731,N20,VIIRS,n,2,304.57,1.44,D,0
19.71041,75.64452,341.23,0.42,0.61,2026-05-30,731,N20,VIIRS,n,2,304.42,3.01,D,0
19.71852,80.11697,337.69,0.44,0.46,2026-05-30,731,N20,VIIRS,l,2,308.35,6.06,D,0
19.73486,81.07211,333.16,0.38,0.44,2026-05-30,731,N20,VIIRS,n,2,304.08,1.19,D,0
19.74656,79.87224,351.63,0.45,0.47,2026-05-30,731,N20,VIIRS,n,2,310.44,8.49,D,0
19.75681,80.64447,342.73,0.41,0.45,2026-05-30,731,N20,VIIRS,n,2,309.25,4.55,D,0
19.75752,80.64831,333.79,0.41,0.45,2026-05-30,731,N20,VIIRS,l,2,307.09,4.55,D,0
19.76202,79.93067,337.18,0.45,0.47,2026-05-30,731,N20,VIIRS,l,2,308.84,6.31,D,0
19.77231,76.55814,337.56,0.37,0.58,2026-05-30,731,N20,VIIRS,l,2,308.1,4.74,D,0
19.77472,79.92802,335,0.45,0.47,2026-05-30,731,N20,VIIRS,l,2,309.43,5.92,D,0
19.78235,80.33591,338.4,0.42,0.45,2026-05-30,731,N20,VIIRS,n,2,303.9,3.88,D,0
19.79258,79.39774,342.02,0.48,0.48,2026-05-30,731,N20,VIIRS,n,2,307.34,6.12,D,0
19.79918,79.55103,347.5,0.47,0.48,2026-05-30,731,N20,VIIRS,n,2,304.8,9.66,D,0
19.80003,79.5555,351.02,0.47,0.48,2026-05-30,731,N20,VIIRS,n,2,305.67,9.66,D,0
19.80088,79.55991,347.28,0.47,0.48,2026-05-30,731,N20,VIIRS,n,2,306.57,6.99,D,0
19.80172,79.56435,342.63,0.47,0.48,2026-05-30,731,N20,VIIRS,n,2,304.85,6.99,D,0
19.80521,79.55903,350.53,0.47,0.48,2026-05-30,731,N20,VIIRS,n,2,306.38,6.99,D,0
19.80606,79.56345,331.43,0.47,0.48,2026-05-30,731,N20,VIIRS,l,2,304.07,6.99,D,0
19.83767,80.51609,336.34,0.41,0.45,2026-05-30,731,N20,VIIRS,l,2,310.57,6.05,D,0
19.86535,78.8613,338.83,0.52,0.5,2026-05-30,731,N20,VIIRS,l,2,309.46,8.27,D,0
19.86904,80.59368,354.66,0.41,0.45,2026-05-30,731,N20,VIIRS,n,2,313.81,14.48,D,0
19.86975,80.59749,341.55,0.41,0.45,2026-05-30,731,N20,VIIRS,n,2,307.81,8.02,D,0
19.8731,80.59284,351.24,0.41,0.45,2026-05-30,731,N20,VIIRS,n,2,309.4,14.48,D,0
19.91626,83.99014,331.12,0.42,0.38,2026-05-30,731,N20,VIIRS,n,2,302.33,2.49,D,0
19.91818,79.36533,340.8,0.48,0.48,2026-05-30,731,N20,VIIRS,n,2,304.36,7.22,D,0
19.91907,79.36986,343.15,0.48,0.48,2026-05-30,731,N20,VIIRS,n,2,304.89,6.86,D,0
19.94123,80.71278,338.47,0.4,0.44,2026-05-30,731,N20,VIIRS,n,2,310.34,4.98,D,0
19.94191,80.71655,341.81,0.4,0.44,2026-05-30,731,N20,VIIRS,n,2,308.83,4.05,D,0
19.9421,80.71307,354.52,0.4,0.44,2026-05-30,731,N20,VIIRS,n,2,311.79,5.84,D,0
19.94281,80.71684,338.76,0.4,0.44,2026-05-30,731,N20,VIIRS,n,2,307.87,5.47,D,0
19.94524,80.71194,350.95,0.4,0.44,2026-05-30,731,N20,VIIRS,n,2,310.97,4.98,D,0
19.94593,80.71571,344.09,0.4,0.44,2026-05-30,731,N20,VIIRS,n,2,308.48,4.05,D,0
19.94612,80.71223,341.83,0.4,0.44,2026-05-30,731,N20,VIIRS,n,2,308.82,5.84,D,0
19.9627,79.33661,343.36,0.49,0.48,2026-05-30,731,N20,VIIRS,n,2,305.17,6.19,D,2
19.96906,81.24734,333.66,0.56,0.43,2026-05-30,731,N20,VIIRS,l,2,308.46,4.39,D,0
19.96972,80.72684,337.58,0.4,0.44,2026-05-30,731,N20,VIIRS,l,2,309.35,5.27,D,0
19.98246,80.7281,337.39,0.4,0.44,2026-05-30,731,N20,VIIRS,l,2,310.65,4.07,D,0
19.98927,80.65247,343.22,0.4,0.44,2026-05-30,731,N20,VIIRS,n,2,310.2,4.53,D,0
19.99941,80.66208,339.29,0.4,0.44,2026-05-30,731,N20,VIIRS,l,2,311.99,5.16,D,0
20.03118,80.5847,344.14,0.41,0.45,2026-05-30,731,N20,VIIRS,n,2,311.4,27.98,D,0
20.03129,80.58469,344.85,0.41,0.45,2026-05-30,731,N20,VIIRS,n,2,310.73,15.21,D,0
20.03678,79.81446,346.05,0.45,0.47,2026-05-30,731,N20,VIIRS,n,2,310.11,9.88,D,0
20.03741,79.84078,344.5,0.45,0.47,2026-05-30,731,N20,VIIRS,n,2,308.59,8.94,D,0
20.04721,76.0321,334.09,0.39,0.6,2026-05-30,731,N20,VIIRS,l,2,305.24,2.08,D,0
20.05119,80.62399,339.91,0.4,0.44,2026-05-30,731,N20,VIIRS,l,2,312.22,5.48,D,0
20.05593,80.62692,346.1,0.4,0.44,2026-05-30,731,N20,VIIRS,n,2,310.07,5.48,D,0
20.07669,79.95467,336.76,0.44,0.46,2026-05-30,731,N20,VIIRS,n,2,305.94,5.05,D,0
20.07859,80.68089,341.89,0.4,0.44,2026-05-30,731,N20,VIIRS,n,2,308.17,3.98,D,0
20.08,80.68845,336.93,0.4,0.44,2026-05-30,731,N20,VIIRS,l,2,309.29,2.85,D,0
20.10171,79.81385,338.93,0.45,0.47,2026-05-30,731,N20,VIIRS,l,2,311.25,9.42,D,0
20.10363,80.81513,337.19,0.39,0.44,2026-05-30,731,N20,VIIRS,l,2,310.41,2.4,D,0
20.10579,79.20807,338.29,0.49,0.49,2026-05-30,731,N20,VIIRS,n,2,301.29,3.32,D,0
20.12857,80.86057,334.08,0.39,0.44,2026-05-30,731,N20,VIIRS,n,2,306.06,1.21,D,0
20.13867,80.78085,344.01,0.39,0.44,2026-05-30,731,N20,VIIRS,n,2,310.79,3.43,D,0
20.13882,79.8235,344.8,0.45,0.47,2026-05-30,731,N20,VIIRS,n,2,309.94,10.18,D,0
20.15038,79.53494,337.59,0.47,0.48,2026-05-30,731,N20,VIIRS,n,2,307.51,6.47,D,0
20.15243,79.53639,345.52,0.47,0.48,2026-05-30,731,N20,VIIRS,n,2,308.21,7.31,D,0
20.15466,79.53385,345.43,0.47,0.48,2026-05-30,731,N20,VIIRS,n,2,308.27,6.47,D,0
20.15669,79.53528,340.5,0.47,0.48,2026-05-30,731,N20,VIIRS,n,2,308.93,7.31,D,0
20.24746,81.40141,333.6,0.54,0.42,2026-05-30,731,N20,VIIRS,l,2,308.37,2.18,D,0
20.29482,80.7132,338.97,0.39,0.44,2026-05-30,731,N20,VIIRS,l,2,312.62,4.79,D,0
20.33448,79.84115,337.36,0.44,0.46,2026-05-30,731,N20,VIIRS,n,2,306.42,6.38,D,0
20.33529,79.84534,341.7,0.44,0.46,2026-05-30,731,N20,VIIRS,n,2,302.74,5.34,D,0
20.34808,81.94382,331.02,0.51,0.41,2026-05-30,731,N20,VIIRS,n,2,296.88,1.19,D,0
20.35026,79.97044,345.53,0.44,0.46,2026-05-30,731,N20,VIIRS,n,2,306.66,5.42,D,0
20.35425,81.25445,343.81,0.55,0.43,2026-05-30,731,N20,VIIRS,n,2,308.75,6.91,D,0
20.35433,81.49801,343.95,0.53,0.42,2026-05-30,731,N20,VIIRS,n,2,308.54,7.99,D,0
20.39954,76.09549,340.11,0.38,0.59,2026-05-30,731,N20,VIIRS,n,2,305.22,1.44,D,0
20.40449,81.30508,334,0.55,0.42,2026-05-30,731,N20,VIIRS,l,2,307.05,2.13,D,0
20.4065,78.35876,338.51,0.55,0.51,2026-05-30,731,N20,VIIRS,n,2,305.58,8.15,D,0
20.41635,77.74628,340.33,0.6,0.53,2026-05-30,731,N20,VIIRS,n,2,302.82,6.27,D,0
20.41751,77.75198,343.58,0.6,0.53,2026-05-30,731,N20,VIIRS,n,2,301.99,8.05,D,0
20.44368,75.66161,335.67,0.41,0.61,2026-05-30,731,N20,VIIRS,l,2,307.08,1.59,D,0
20.50311,84.07587,339.59,0.41,0.37,2026-05-30,731,N20,VIIRS,n,2,298.84,3.52,D,0
20.50784,80.25536,338.8,0.42,0.45,2026-05-30,731,N20,VIIRS,n,2,308.56,4.35,D,0
20.51424,80.25074,338.24,0.42,0.45,2026-05-30,731,N20,VIIRS,n,2,307.48,4.94,D,0
20.51444,80.18497,339.25,0.42,0.45,2026-05-30,731,N20,VIIRS,l,2,310.01,6.5,D,0
20.5152,80.18894,341.05,0.42,0.45,2026-05-30,731,N20,VIIRS,n,2,308.9,6.23,D,0
20.51602,80.25362,335.89,0.42,0.45,2026-05-30,731,N20,VIIRS,l,2,307.09,3.76,D,0
20.52619,79.88347,344.9,0.44,0.46,2026-05-30,731,N20,VIIRS,n,2,306.79,6.83,D,0
20.55261,79.95476,333.29,0.43,0.46,2026-05-30,731,N20,VIIRS,l,2,305.72,2.3,D,0
20.56819,79.98611,334.3,0.43,0.46,2026-05-30,731,N20,VIIRS,l,2,305.96,1.79,D,0
20.6265,80.02005,334.39,0.43,0.46,2026-05-30,731,N20,VIIRS,l,2,308.2,1.44,D,0
20.63761,79.73508,338.1,0.45,0.47,2026-05-30,731,N20,VIIRS,n,2,305.31,5.84,D,0
20.63843,79.73929,345.53,0.45,0.47,2026-05-30,731,N20,VIIRS,n,2,302.89,6.71,D,0
20.63863,79.73888,348.27,0.45,0.47,2026-05-30,731,N20,VIIRS,n,2,303.78,10.42,D,0
20.65198,80.31133,341.29,0.41,0.45,2026-05-30,731,N20,VIIRS,n,2,309.77,6.09,D,0
20.65426,81.58115,336.69,0.52,0.42,2026-05-30,731,N20,VIIRS,l,2,309.11,8.04,D,0
20.66079,80.04214,335.43,0.43,0.46,2026-05-30,731,N20,VIIRS,l,2,307.51,4.34,D,0
20.67299,81.82003,333.15,0.51,0.41,2026-05-30,731,N20,VIIRS,l,2,305.91,2.8,D,0
20.69795,75.77691,339.42,0.4,0.6,2026-05-30,731,N20,VIIRS,l,2,309.72,4.84,D,0
20.71196,80.15584,342.23,0.42,0.45,2026-05-30,731,N20,VIIRS,n,2,310.24,5.7,D,0
20.71269,80.15981,339.68,0.42,0.45,2026-05-30,731,N20,VIIRS,n,2,307.85,5.7,D,0
20.71458,80.15515,344.28,0.42,0.45,2026-05-30,731,N20,VIIRS,n,2,308.92,5.69,D,0
20.71534,80.15911,337.89,0.42,0.45,2026-05-30,731,N20,VIIRS,n,2,307.73,5.69,D,0
20.73221,79.95539,333.28,0.43,0.46,2026-05-30,731,N20,VIIRS,l,2,306.06,2.65,D,0
20.7474,81.57993,336.26,0.52,0.42,2026-05-30,731,N20,VIIRS,l,2,308.55,5.03,D,0
20.75822,81.79459,339.05,0.51,0.41,2026-05-30,731,N20,VIIRS,n,2,308,6.86,D,0
20.77449,81.29654,339.39,0.54,0.42,2026-05-30,731,N20,VIIRS,n,2,308.4,8.35,D,0
20.77718,81.88,347.39,0.5,0.41,2026-05-30,731,N20,VIIRS,n,2,307.78,12.07,D,0
20.77802,81.88477,348.76,0.5,0.41,2026-05-30,731,N20,VIIRS,n,2,306.43,17.08,D,0
20.77885,81.88952,340.13,0.5,0.41,2026-05-30,731,N20,VIIRS,n,2,309.74,17.08,D,0
20.78089,81.87926,339.22,0.5,0.41,2026-05-30,731,N20,VIIRS,n,2,306.95,6.58,D,0
20.78172,81.88402,339.17,0.5,0.41,2026-05-30,731,N20,VIIRS,n,2,307.21,33.48,D,0
20.7823,81.27377,341.59,0.54,0.42,2026-05-30,731,N20,VIIRS,n,2,310.46,11.89,D,0
20.78256,81.88878,343.06,0.5,0.41,2026-05-30,731,N20,VIIRS,l,2,314.35,33.48,D,0
20.785,80.14428,345.14,0.42,0.45,2026-05-30,731,N20,VIIRS,n,2,309.12,9.69,D,0
20.78512,85.26394,332.64,0.39,0.36,2026-05-30,731,N20,VIIRS,l,2,290.53,5.45,D,2
20.78543,81.88327,341.2,0.5,0.41,2026-05-30,731,N20,VIIRS,n,2,307.45,33.48,D,0
20.78693,79.99429,341.21,0.43,0.46,2026-05-30,731,N20,VIIRS,n,2,307.03,2.87,D,0
20.78804,82.41617,351.37,0.47,0.4,2026-05-30,731,N20,VIIRS,n,2,301.12,9.85,D,0
20.78854,79.99446,340.27,0.43,0.46,2026-05-30,731,N20,VIIRS,n,2,306.93,2.69,D,0
20.79115,85.25908,335.6,0.39,0.36,2026-05-30,731,N20,VIIRS,l,2,289.22,4.28,D,2
20.79177,76.14576,337.38,0.37,0.58,2026-05-30,731,N20,VIIRS,l,2,307.65,2.46,D,0
20.79324,81.173,340.13,0.55,0.42,2026-05-30,731,N20,VIIRS,l,2,311.08,10.86,D,0
20.79387,85.25481,336.79,0.39,0.36,2026-05-30,731,N20,VIIRS,n,2,289.49,4.28,D,2
20.79553,81.16961,339.85,0.55,0.43,2026-05-30,731,N20,VIIRS,l,2,310.07,9.45,D,0
20.80939,81.93243,348.32,0.5,0.41,2026-05-30,731,N20,VIIRS,n,2,307.87,22.02,D,0
20.81309,81.93169,342.16,0.5,0.41,2026-05-30,731,N20,VIIRS,n,2,306.67,7.95,D,0
20.81392,81.93642,339.31,0.5,0.41,2026-05-30,731,N20,VIIRS,n,2,308.79,8.84,D,0
20.81675,80.77232,335.28,0.38,0.44,2026-05-30,731,N20,VIIRS,l,2,306.75,2.79,D,0
20.82545,81.81834,337.88,0.51,0.41,2026-05-30,731,N20,VIIRS,n,2,305.4,4.55,D,0
20.83815,80.71816,339.57,0.39,0.44,2026-05-30,731,N20,VIIRS,n,2,306.8,5.92,D,0
20.86449,79.98672,334.15,0.43,0.46,2026-05-30,731,N20,VIIRS,l,2,306.86,4.93,D,0
20.8797,81.34094,342.34,0.53,0.42,2026-05-30,731,N20,VIIRS,n,2,310.6,11.26,D,0
20.89221,82.14988,339.29,0.49,0.4,2026-05-30,731,N20,VIIRS,l,2,306.75,9.26,D,0
20.89373,80.14231,333.57,0.42,0.45,2026-05-30,731,N20,VIIRS,l,2,307.42,2.54,D,0
20.8961,81.80408,343.25,0.51,0.41,2026-05-30,731,N20,VIIRS,n,2,307.12,6.94,D,0
20.91084,81.99716,341.8,0.49,0.41,2026-05-30,731,N20,VIIRS,n,2,304.57,7.83,D,0
20.9172,75.91286,335.03,0.39,0.59,2026-05-30,731,N20,VIIRS,n,2,303.98,9.78,D,0
20.91797,75.91642,367,0.39,0.59,2026-05-30,731,N20,VIIRS,h,2,304.28,9.78,D,0
20.93546,73.88407,330.59,0.52,0.67,2026-05-30,731,N20,VIIRS,n,2,299.77,2.04,D,0
20.93656,73.88206,333.22,0.52,0.67,2026-05-30,731,N20,VIIRS,n,2,299.75,1.95,D,0
20.947,81.19717,334.33,0.54,0.42,2026-05-30,731,N20,VIIRS,n,2,304.28,4.53,D,0
20.94833,82.08128,340.1,0.49,0.4,2026-05-30,731,N20,VIIRS,l,2,307.71,9.23,D,0
20.95502,81.86826,337.19,0.5,0.41,2026-05-30,731,N20,VIIRS,n,2,303.92,10.72,D,0
20.96758,79.99899,337.61,0.42,0.45,2026-05-30,731,N20,VIIRS,n,2,306.4,3.69,D,0
20.96869,85.15517,333.91,0.39,0.36,2026-05-30,731,N20,VIIRS,l,2,290.86,4.29,D,2
21.01191,81.93016,347.63,0.5,0.41,2026-05-30,731,N20,VIIRS,n,2,306.98,8.11,D,0
21.01802,81.89964,342.33,0.5,0.41,2026-05-30,731,N20,VIIRS,n,2,305.29,6.47,D,0
21.04735,81.01769,341.13,0.55,0.43,2026-05-30,731,N20,VIIRS,n,2,307.17,5.39,D,0
21.04759,79.2516,345.09,0.47,0.48,2026-05-30,731,N20,VIIRS,n,2,306.67,11.01,D,0
21.04831,81.02293,337.22,0.55,0.43,2026-05-30,731,N20,VIIRS,n,2,304.75,5.35,D,0
21.06892,82.59852,336.18,0.46,0.39,2026-05-30,731,N20,VIIRS,l,2,306.77,4.56,D,0
21.07234,78.7001,342.79,0.51,0.49,2026-05-30,731,N20,VIIRS,n,2,304.62,8.3,D,0
21.07975,81.97619,367,0.49,0.4,2026-05-30,731,N20,VIIRS,h,2,303.66,8.05,D,0
21.08303,77.97005,341.18,0.56,0.52,2026-05-30,731,N20,VIIRS,n,2,307.66,7.75,D,0
21.08342,81.97545,345.68,0.49,0.4,2026-05-30,731,N20,VIIRS,n,2,304.44,8.05,D,0
21.09077,81.97398,346.02,0.49,0.4,2026-05-30,731,N20,VIIRS,n,2,305.12,6.43,D,0
21.0916,81.97865,340.59,0.49,0.4,2026-05-30,731,N20,VIIRS,n,2,304.5,6.43,D,0
21.09969,81.93831,340.43,0.49,0.41,2026-05-30,731,N20,VIIRS,n,2,305.39,12.46,D,0
21.10763,75.46411,333.37,0.41,0.6,2026-05-30,731,N20,VIIRS,l,2,304.06,1.07,D,0
21.11621,79.31919,339.46,0.46,0.47,2026-05-30,731,N20,VIIRS,n,2,305.51,7.06,D,0
21.1659,82.69196,338.17,0.46,0.39,2026-05-30,731,N20,VIIRS,l,2,306.44,3.99,D,0
21.1679,76.47539,339.3,0.35,0.57,2026-05-30,731,N20,VIIRS,n,2,307.33,4.64,D,0
21.16933,76.4739,342.1,0.35,0.57,2026-05-30,731,N20,VIIRS,n,2,307.83,4.31,D,0
21.18156,75.90282,346.74,0.38,0.59,2026-05-30,731,N20,VIIRS,n,2,304.17,3.04,D,0
21.19648,82.91554,347.56,0.45,0.39,2026-05-30,731,N20,VIIRS,l,2,306.17,11.46,D,0
21.21712,82.696,336.17,0.45,0.39,2026-05-30,731,N20,VIIRS,l,2,307.18,4.53,D,0
21.22023,73.58629,367,0.53,0.67,2026-05-30,731,N20,VIIRS,h,2,297.77,10.43,D,0
21.22148,82.91132,337.11,0.44,0.39,2026-05-30,731,N20,VIIRS,l,2,306.84,3.9,D,0
21.22406,76.45361,333.28,0.35,0.57,2026-05-30,731,N20,VIIRS,l,2,305.7,1.49,D,0
21.22624,82.01595,349.35,0.49,0.4,2026-05-30,731,N20,VIIRS,l,2,304.85,4.91,D,0
21.2299,82.01522,338.47,0.49,0.4,2026-05-30,731,N20,VIIRS,l,2,304.47,4.91,D,0
21.24295,79.2244,335.65,0.47,0.48,2026-05-30,731,N20,VIIRS,n,2,303.92,4.87,D,2
21.25018,79.62412,347.29,0.44,0.46,2026-05-30,731,N20,VIIRS,n,2,306.39,8.21,D,0
21.25319,81.44298,337.05,0.52,0.42,2026-05-30,731,N20,VIIRS,l,2,307.4,6.72,D,0
21.26101,82.80267,338.16,0.45,0.39,2026-05-30,731,N20,VIIRS,l,2,308.2,10.98,D,0
21.26454,82.80199,350.13,0.45,0.39,2026-05-30,731,N20,VIIRS,l,2,310.34,10.98,D,0
21.26907,82.72146,337.55,0.45,0.39,2026-05-30,731,N20,VIIRS,l,2,306.95,5.55,D,0
21.29097,76.15311,345.4,0.37,0.58,2026-05-30,731,N20,VIIRS,n,2,306.83,3.33,D,0
21.29963,82.96588,349.58,0.44,0.38,2026-05-30,731,N20,VIIRS,n,2,310.04,10.48,D,0
21.3175,76.47889,331.7,0.35,0.57,2026-05-30,731,N20,VIIRS,l,2,302.39,0.96,D,0
21.32622,79.11469,335.53,0.47,0.48,2026-05-30,731,N20,VIIRS,n,2,304.56,8.84,D,0
21.35244,82.89118,344.55,0.44,0.39,2026-05-30,731,N20,VIIRS,n,2,306.95,7.5,D,0
21.35316,82.8954,341.78,0.44,0.39,2026-05-30,731,N20,VIIRS,l,2,307.69,4.55,D,0
21.35885,81.31818,342.5,0.53,0.42,2026-05-30,731,N20,VIIRS,n,2,308.76,4.75,D,0
21.38504,79.64385,335.59,0.44,0.46,2026-05-30,731,N20,VIIRS,n,2,304.34,2.64,D,0
21.38897,82.89285,342.77,0.44,0.39,2026-05-30,731,N20,VIIRS,l,2,304.27,4.33,D,0
21.39248,82.89217,339.75,0.44,0.39,2026-05-30,731,N20,VIIRS,l,2,305.5,8.75,D,0
21.39742,82.89994,337.28,0.44,0.39,2026-05-30,731,N20,VIIRS,l,2,305.17,7.82,D,0
21.39883,80.44143,338.39,0.39,0.44,2026-05-30,731,N20,VIIRS,n,2,306.85,1.95,D,0
21.39898,76.52355,334.38,0.34,0.56,2026-05-30,731,N20,VIIRS,n,2,300.57,2.1,D,0
21.40112,76.52062,336.65,0.34,0.56,2026-05-30,731,N20,VIIRS,n,2,302.79,2.48,D,0
21.47215,80.49171,341.34,0.39,0.44,2026-05-30,731,N20,VIIRS,n,2,308.66,6.54,D,0
21.48137,81.56358,336.81,0.51,0.41,2026-05-30,731,N20,VIIRS,n,2,305.03,4.5,D,0
21.48207,81.94927,341.17,0.49,0.4,2026-05-30,731,N20,VIIRS,l,2,308.69,8.96,D,0
21.48338,79.12884,337.08,0.47,0.48,2026-05-30,731,N20,VIIRS,n,2,304.57,3.5,D,0
21.48551,81.95074,347.79,0.49,0.4,2026-05-30,731,N20,VIIRS,n,2,310.71,14.34,D,0
21.51463,79.45244,332.09,0.45,0.47,2026-05-30,731,N20,VIIRS,l,2,303.32,2.03,D,0
21.54769,80.31255,336.74,0.4,0.44,2026-05-30,731,N20,VIIRS,l,2,308.27,3.71,D,0
21.55729,80.0956,338.37,0.41,0.45,2026-05-30,731,N20,VIIRS,n,2,304.51,2.19,D,0
21.61653,77.05755,331.53,0.63,0.54,2026-05-30,731,N20,VIIRS,l,2,303.53,3.38,D,0
21.61808,77.05624,332.49,0.63,0.54,2026-05-30,731,N20,VIIRS,l,2,304.04,1.09,D,0
21.67496,83.82704,341.96,0.41,0.37,2026-05-30,731,N20,VIIRS,n,2,301.67,3.76,D,0
21.67825,84.039,336.07,0.4,0.37,2026-05-30,731,N20,VIIRS,l,2,302.23,5.54,D,2
21.67955,80.78084,333.33,0.56,0.43,2026-05-30,731,N20,VIIRS,l,2,306.7,4,D,0
21.69147,77.11298,343.19,0.62,0.54,2026-05-30,731,N20,VIIRS,n,2,305.07,4.93,D,0
21.69971,83.35896,341.2,0.42,0.38,2026-05-30,731,N20,VIIRS,n,2,300.66,2.96,D,0
21.70256,82.96065,349.39,0.44,0.38,2026-05-30,731,N20,VIIRS,l,2,304.87,13.52,D,0
21.73406,82.74111,339.92,0.45,0.39,2026-05-30,731,N20,VIIRS,l,2,305.28,4.73,D,0
21.73455,83.82417,339.31,0.41,0.37,2026-05-30,731,N20,VIIRS,l,2,305.94,7.91,D,0
21.73574,82.68786,343.8,0.45,0.39,2026-05-30,731,N20,VIIRS,l,2,304.78,8.51,D,0
21.73737,80.22521,337.78,0.4,0.44,2026-05-30,731,N20,VIIRS,n,2,306.06,4.46,D,0
21.75151,78.21587,338.81,0.53,0.5,2026-05-30,731,N20,VIIRS,n,2,305.5,5.68,D,0
21.76361,75.43915,333.76,0.4,0.6,2026-05-30,731,N20,VIIRS,l,2,304.91,0.9,D,0
21.76647,84.01867,335.67,0.4,0.37,2026-05-30,731,N20,VIIRS,l,2,302.4,5.02,D,2
21.77555,82.05674,336.64,0.48,0.4,2026-05-30,731,N20,VIIRS,l,2,307.35,6.26,D,0
21.77677,81.727,338.6,0.5,0.41,2026-05-30,731,N20,VIIRS,l,2,309.11,5.21,D,0
21.77769,81.91851,338.56,0.48,0.4,2026-05-30,731,N20,VIIRS,l,2,309.26,6.02,D,0
21.77769,83.83216,335,0.41,0.37,2026-05-30,731,N20,VIIRS,l,2,302.19,4.8,D,2
21.78107,83.83153,345.14,0.41,0.37,2026-05-30,731,N20,VIIRS,n,2,302.07,7.55,D,2
21.78171,83.83542,340.63,0.41,0.37,2026-05-30,731,N20,VIIRS,n,2,301.78,6.14,D,2
21.80486,77.77915,335.23,0.56,0.52,2026-05-30,731,N20,VIIRS,l,2,308.2,3.36,D,0
21.81133,81.85584,343.49,0.49,0.4,2026-05-30,731,N20,VIIRS,l,2,308.25,16.64,D,0
21.82085,83.89706,333.68,0.41,0.37,2026-05-30,731,N20,VIIRS,l,2,303,5.1,D,0
21.82211,77.6966,336.72,0.57,0.52,2026-05-30,731,N20,VIIRS,l,2,310.59,8.51,D,0
21.84535,81.79095,340.88,0.49,0.4,2026-05-30,731,N20,VIIRS,n,2,308.34,7.15,D,0
21.8754,82.75865,342.37,0.44,0.39,2026-05-30,731,N20,VIIRS,l,2,306.72,5.67,D,0
21.90128,79.05272,345.44,0.47,0.47,2026-05-30,731,N20,VIIRS,n,2,311.61,13.35,D,0
21.90128,82.88857,342.59,0.44,0.38,2026-05-30,731,N20,VIIRS,l,2,307.43,5.23,D,0
21.90199,82.89275,338.9,0.44,0.38,2026-05-30,731,N20,VIIRS,n,2,305.99,5.23,D,0
21.90477,82.88789,367,0.44,0.38,2026-05-30,731,N20,VIIRS,h,2,305.83,5.23,D,0
21.90548,82.89207,343.23,0.44,0.38,2026-05-30,731,N20,VIIRS,n,2,306.2,5.23,D,0
21.91311,76.53433,336.39,0.34,0.56,2026-05-30,731,N20,VIIRS,n,2,306.04,4.32,D,0
21.91377,76.53746,335.23,0.34,0.56,2026-05-30,731,N20,VIIRS,n,2,305.12,4.26,D,0
21.92338,81.99742,336.66,0.48,0.4,2026-05-30,731,N20,VIIRS,l,2,305.5,3.16,D,0
21.9235,82.00008,336.19,0.48,0.4,2026-05-30,731,N20,VIIRS,l,2,307.15,3.14,D,0
21.93018,82.99495,335.39,0.43,0.38,2026-05-30,731,N20,VIIRS,l,2,305.35,2.82,D,0
21.93273,82.90404,337.1,0.44,0.38,2026-05-30,731,N20,VIIRS,l,2,306.41,3.63,D,0
21.93507,76.68749,350.88,0.33,0.55,2026-05-30,731,N20,VIIRS,n,2,307.53,6.05,D,0
21.94702,83.24188,339.94,0.43,0.38,2026-05-30,731,N20,VIIRS,l,2,304.52,5.13,D,0
21.95598,83.80276,337.67,0.41,0.37,2026-05-30,731,N20,VIIRS,l,2,302.1,3.82,D,0
21.96285,83.23042,338.29,0.43,0.38,2026-05-30,731,N20,VIIRS,l,2,304.48,4.03,D,0
21.98486,83.2346,333.94,0.43,0.38,2026-05-30,731,N20,VIIRS,l,2,304.4,3.85,D,2
21.98875,76.81924,339.55,0.32,0.55,2026-05-30,731,N20,VIIRS,n,2,302.18,2.61,D,0
21.99816,78.02527,331.04,0.54,0.51,2026-05-30,731,N20,VIIRS,l,2,301.8,5.01,D,0
21.99919,78.03037,330.72,0.54,0.51,2026-05-30,731,N20,VIIRS,l,2,300.93,2.04,D,0
22.00259,82.4818,343.54,0.45,0.39,2026-05-30,731,N20,VIIRS,l,2,304.57,13.81,D,0
22.01552,83.75577,337.99,0.41,0.37,2026-05-30,731,N20,VIIRS,l,2,305.1,6.09,D,0
22.01775,76.00109,340.1,0.36,0.57,2026-05-30,731,N20,VIIRS,n,2,306.46,9.8,D,0
22.01849,76.00453,367,0.36,0.57,2026-05-30,731,N20,VIIRS,h,2,308.05,19.18,D,0
22.03666,83.35428,331.41,0.42,0.38,2026-05-30,731,N20,VIIRS,l,2,303.85,3.91,D,2
22.03933,83.73104,347.98,0.41,0.37,2026-05-30,731,N20,VIIRS,l,2,305.8,10.5,D,2
22.05156,83.7206,344.36,0.41,0.37,2026-05-30,731,N20,VIIRS,n,2,305.22,8.93,D,0
22.0543,83.71604,334.5,0.41,0.37,2026-05-30,731,N20,VIIRS,l,2,303.93,4.9,D,0
22.05913,83.70299,332.54,0.41,0.37,2026-05-30,731,N20,VIIRS,l,2,303.66,5.43,D,0
22.08137,76.83719,337.8,0.32,0.54,2026-05-30,731,N20,VIIRS,l,2,307.92,4.21,D,0
22.10815,82.21362,343.44,0.47,0.39,2026-05-30,731,N20,VIIRS,l,2,305.83,6.17,D,0
22.11463,77.33114,344.29,0.59,0.53,2026-05-30,731,N20,VIIRS,n,2,306.31,8.22,D,0
22.11504,77.33228,344.69,0.59,0.53,2026-05-30,731,N20,VIIRS,n,2,306.44,12.04,D,0
22.11578,82.19367,344.62,0.47,0.39,2026-05-30,731,N20,VIIRS,l,2,307.46,18.79,D,0
22.13276,76.88631,337.34,0.63,0.54,2026-05-30,731,N20,VIIRS,n,2,306.83,3.81,D,0
22.18941,77.20988,337.88,0.6,0.53,2026-05-30,731,N20,VIIRS,n,2,303.34,5.3,D,0
22.18968,79.1242,340.39,0.46,0.47,2026-05-30,731,N20,VIIRS,n,2,309.37,11.66,D,0
22.2016,82.18666,342.32,0.47,0.39,2026-05-30,731,N20,VIIRS,l,2,306.4,8.19,D,0
22.21735,79.78542,342.89,0.42,0.45,2026-05-30,731,N20,VIIRS,n,2,310.8,9.62,D,0
22.27093,78.72877,337.76,0.48,0.48,2026-05-30,731,N20,VIIRS,l,2,309.38,5.43,D,0
22.32946,82.60713,334.74,0.45,0.39,2026-05-30,731,N20,VIIRS,l,2,305.46,2.96,D,2
22.35692,82.30316,338.17,0.46,0.39,2026-05-30,731,N20,VIIRS,l,2,308.49,6.58,D,2
22.37941,78.86291,338.49,0.47,0.48,2026-05-30,731,N20,VIIRS,l,2,312.04,9.18,D,0
22.51085,80.04699,338.56,0.4,0.44,2026-05-30,731,N20,VIIRS,n,2,308.52,7.16,D,0
22.58161,80.36033,341.09,0.57,0.43,2026-05-30,731,N20,VIIRS,n,2,307.97,9.6,D,0
22.58589,79.09245,343.5,0.45,0.47,2026-05-30,731,N20,VIIRS,n,2,310.1,7.63,D,0
22.58681,79.09228,342.39,0.45,0.47,2026-05-30,731,N20,VIIRS,n,2,310.48,7.58,D,0
22.79308,80.23363,339.56,0.38,0.43,2026-05-30,731,N20,VIIRS,n,2,308.96,10.13,D,0
22.79375,80.23728,344.93,0.38,0.43,2026-05-30,731,N20,VIIRS,n,2,308.73,10.13,D,0
22.89089,89.64362,331.28,0.51,0.41,2026-05-30,731,N20,VIIRS,n,2,293.59,1.89,D,0
22.89509,80.37078,344.26,0.56,0.43,2026-05-30,731,N20,VIIRS,l,2,314.86,77.28,D,0
23.06606,83.0519,332.08,0.42,0.38,2026-05-30,731,N20,VIIRS,l,2,300.05,2.48,D,0
21.94082,74.52764,333.32,0.45,0.63,2026-05-30,732,N20,VIIRS,n,2,303.15,1.4,D,0
22.10277,75.20236,331.83,0.4,0.6,2026-05-30,732,N20,VIIRS,n,2,301.45,0.93,D,0
22.20093,72.82253,335.75,0.57,0.69,2026-05-30,732,N20,VIIRS,n,2,299.45,3.51,D,0
22.20349,72.82286,351.77,0.57,0.69,2026-05-30,732,N20,VIIRS,n,2,298.51,8.47,D,0
22.20711,72.82085,341.25,0.57,0.69,2026-05-30,732,N20,VIIRS,n,2,296.24,3.51,D,0
22.28239,75.95805,335.01,0.36,0.57,2026-05-30,732,N20,VIIRS,n,2,303.86,1.02,D,0
22.38293,75.66818,333.18,0.37,0.58,2026-05-30,732,N20,VIIRS,l,2,306.04,1.57,D,0
22.442,76.03963,333.84,0.35,0.57,2026-05-30,732,N20,VIIRS,l,2,306.89,3.39,D,0
22.44273,76.04302,351.88,0.35,0.57,2026-05-30,732,N20,VIIRS,n,2,306.31,3.39,D,0
22.45382,77.00054,343.71,0.61,0.53,2026-05-30,732,N20,VIIRS,n,2,308.25,10.12,D,0
22.45523,76.60918,346.21,0.32,0.55,2026-05-30,732,N20,VIIRS,n,2,305.62,4.69,D,0
22.45861,76.69786,344.38,0.32,0.54,2026-05-30,732,N20,VIIRS,n,2,308.25,3.88,D,0
22.64747,72.22226,331.8,0.6,0.71,2026-05-30,732,N20,VIIRS,n,2,295.27,3.76,D,0
22.75005,75.67126,336.11,0.37,0.58,2026-05-30,732,N20,VIIRS,l,2,308.28,1.93,D,0
22.75044,75.6718,335.04,0.37,0.58,2026-05-30,732,N20,VIIRS,l,2,308.38,1.85,D,0
22.79231,75.66411,336.68,0.37,0.58,2026-05-30,732,N20,VIIRS,n,2,308.59,4.49,D,0
22.79307,75.66756,367,0.37,0.58,2026-05-30,732,N20,VIIRS,h,2,308.63,4.49,D,0
22.81781,79.605,341.93,0.42,0.45,2026-05-30,732,N20,VIIRS,n,2,309.6,6.05,D,0
22.82117,75.84474,339.91,0.36,0.57,2026-05-30,732,N20,VIIRS,l,2,309.96,2.45,D,0
22.94904,79.91891,338.78,0.4,0.44,2026-05-30,732,N20,VIIRS,n,2,306.31,7.99,D,0
22.96199,77.24483,336.13,0.58,0.52,2026-05-30,732,N20,VIIRS,l,2,307.54,3.51,D,0
22.96671,77.24378,340.23,0.58,0.52,2026-05-30,732,N20,VIIRS,n,2,309.61,8.93,D,0
22.97021,79.9657,342.95,0.39,0.44,2026-05-30,732,N20,VIIRS,n,2,310.75,11.7,D,0
22.98571,79.93076,339.75,0.39,0.44,2026-05-30,732,N20,VIIRS,n,2,307.62,8.31,D,0
22.9875,79.91839,351.45,0.4,0.44,2026-05-30,732,N20,VIIRS,n,2,310.02,11.6,D,0
23.05762,80.04816,344.48,0.39,0.44,2026-05-30,732,N20,VIIRS,n,2,309.72,8.75,D,0
23.07066,76.12871,339.24,0.34,0.56,2026-05-30,732,N20,VIIRS,l,2,310.38,2.16,D,0
23.07136,79.74086,336.19,0.4,0.44,2026-05-30,732,N20,VIIRS,l,2,307.55,2.61,D,0
23.07287,76.13111,340.86,0.34,0.56,2026-05-30,732,N20,VIIRS,l,2,311.31,2.45,D,0
23.10883,79.07903,334.07,0.44,0.46,2026-05-30,732,N20,VIIRS,l,2,305.48,4.3,D,0
23.12488,79.04881,331.96,0.44,0.46,2026-05-30,732,N20,VIIRS,l,2,303.71,2.9,D,0
23.12505,79.04915,333.96,0.44,0.46,2026-05-30,732,N20,VIIRS,n,2,303.82,1.95,D,0
23.18341,79.86362,338.86,0.4,0.44,2026-05-30,732,N20,VIIRS,n,2,306.13,3.69,D,0
23.2077,79.79466,337.91,0.4,0.44,2026-05-30,732,N20,VIIRS,l,2,309.82,3.93,D,0
23.21071,73.83561,340.3,0.47,0.64,2026-05-30,732,N20,VIIRS,n,2,301.3,3.9,D,0
23.21084,73.83682,353.48,0.47,0.64,2026-05-30,732,N20,VIIRS,n,2,301.4,6.41,D,0
23.21172,73.83999,332.47,0.47,0.64,2026-05-30,732,N20,VIIRS,n,2,300.68,3.9,D,0
23.23722,75.52126,332.89,0.37,0.58,2026-05-30,732,N20,VIIRS,l,2,306.78,1.36,D,0
23.30267,80.75961,338.92,0.53,0.42,2026-05-30,732,N20,VIIRS,n,2,308.62,10.69,D,0
23.30557,78.72278,342.05,0.46,0.47,2026-05-30,732,N20,VIIRS,n,2,305.36,10.75,D,0
23.39317,75.783,334.39,0.35,0.57,2026-05-30,732,N20,VIIRS,n,2,305.44,1.44,D,0
23.41131,80.6484,336.71,0.53,0.42,2026-05-30,732,N20,VIIRS,l,2,309.88,7.09,D,0
23.42664,77.29282,348.11,0.56,0.51,2026-05-30,732,N20,VIIRS,n,2,318.2,21.76,D,0
23.42814,77.28846,342.28,0.56,0.52,2026-05-30,732,N20,VIIRS,l,2,314.31,21.67,D,0
23.42924,77.29385,346.23,0.56,0.51,2026-05-30,732,N20,VIIRS,n,2,317.2,29.33,D,0
23.43127,77.29167,345.98,0.56,0.51,2026-05-30,732,N20,VIIRS,n,2,314.6,21.76,D,0
23.46143,78.59668,346.92,0.46,0.47,2026-05-30,732,N20,VIIRS,n,2,308.63,15.52,D,0
23.47468,79.82983,333.41,0.39,0.44,2026-05-30,732,N20,VIIRS,l,2,306.53,4.58,D,0
23.51338,78.46399,338.43,0.47,0.48,2026-05-30,732,N20,VIIRS,n,2,307.38,8.79,D,0
23.51429,78.46854,351.26,0.47,0.48,2026-05-30,732,N20,VIIRS,n,2,308.39,8.07,D,0
23.5186,78.46758,338.69,0.47,0.48,2026-05-30,732,N20,VIIRS,n,2,307.86,8.07,D,0
23.52319,78.39945,343.81,0.48,0.48,2026-05-30,732,N20,VIIRS,n,2,303.55,2.78,D,0
23.55591,76.9169,343.11,0.59,0.53,2026-05-30,732,N20,VIIRS,l,2,315.52,16.74,D,0
23.55928,79.23547,345,0.42,0.45,2026-05-30,732,N20,VIIRS,n,2,310.48,3.79,D,0
23.56006,79.23951,338.42,0.42,0.45,2026-05-30,732,N20,VIIRS,l,2,310.11,3.79,D,0
23.56339,79.2345,340.5,0.42,0.45,2026-05-30,732,N20,VIIRS,l,2,312.12,4.92,D,0
23.5675,79.23358,348.01,0.42,0.45,2026-05-30,732,N20,VIIRS,n,2,311.3,4.92,D,0
23.56803,79.34731,339.36,0.42,0.45,2026-05-30,732,N20,VIIRS,l,2,311.36,6.13,D,0
23.58413,75.33231,354.71,0.37,0.58,2026-05-30,732,N20,VIIRS,n,2,307.97,6.2,D,0
23.61002,78.17289,346.65,0.49,0.49,2026-05-30,732,N20,VIIRS,n,2,307.99,6.28,D,0
23.61346,78.16727,342.12,0.49,0.49,2026-05-30,732,N20,VIIRS,n,2,303.26,6.28,D,0
23.61837,78.81741,346.46,0.45,0.47,2026-05-30,732,N20,VIIRS,n,2,312.57,12.09,D,0
23.6219,78.8165,341.93,0.45,0.47,2026-05-30,732,N20,VIIRS,l,2,312.88,8.85,D,0
23.67209,75.72796,348.72,0.35,0.56,2026-05-30,732,N20,VIIRS,n,2,310.28,2.93,D,0
23.6727,77.39108,344.37,0.55,0.51,2026-05-30,732,N20,VIIRS,l,2,314.73,9.88,D,0
23.67431,77.74885,339.82,0.52,0.5,2026-05-30,732,N20,VIIRS,l,2,311.59,10.28,D,0
23.67816,78.35104,340.83,0.48,0.48,2026-05-30,732,N20,VIIRS,n,2,306.71,6.43,D,0
23.75806,78.22742,347.05,0.48,0.48,2026-05-30,732,N20,VIIRS,n,2,312.5,12.64,D,0
23.79613,81.97924,333.68,0.45,0.39,2026-05-30,732,N20,VIIRS,n,2,299.59,3.09,D,0
23.80867,81.22517,335.5,0.49,0.4,2026-05-30,732,N20,VIIRS,l,2,307.12,3.54,D,0
23.8665,77.43269,343.06,0.54,0.51,2026-05-30,732,N20,VIIRS,l,2,314.7,10.77,D,0
23.93166,80.84655,336.12,0.51,0.41,2026-05-30,732,N20,VIIRS,l,2,309.27,4.99,D,0
23.93169,76.85732,344.04,0.58,0.52,2026-05-30,732,N20,VIIRS,n,2,312.79,12.76,D,0
23.94296,77.89999,348.39,0.5,0.49,2026-05-30,732,N20,VIIRS,n,2,314.1,21.64,D,0
24.00175,82.79928,337.72,0.42,0.38,2026-05-30,732,N20,VIIRS,l,2,304.91,5.58,D,0
24.0225,81.49664,334.37,0.47,0.4,2026-05-30,732,N20,VIIRS,l,2,305.06,2.97,D,0
24.02365,81.49848,333.49,0.47,0.4,2026-05-30,732,N20,VIIRS,l,2,305.24,2.21,D,0
24.0658,73.8512,330.19,0.45,0.63,2026-05-30,732,N20,VIIRS,l,2,300.23,1.68,D,0
24.08511,77.87742,342.58,0.5,0.49,2026-05-30,732,N20,VIIRS,l,2,313.13,10.29,D,0
24.11614,79.0526,346.52,0.42,0.46,2026-05-30,732,N20,VIIRS,n,2,315.2,21.85,D,0
24.15189,74.55684,342.17,0.4,0.6,2026-05-30,732,N20,VIIRS,n,2,300.69,4.24,D,0
24.15331,74.5574,332.22,0.4,0.6,2026-05-30,732,N20,VIIRS,n,2,299.56,3.46,D,0
24.19569,78.34329,344.12,0.47,0.47,2026-05-30,732,N20,VIIRS,n,2,312.95,9.85,D,0
24.19761,78.34431,348.43,0.47,0.47,2026-05-30,732,N20,VIIRS,n,2,311.02,10.34,D,0
24.20485,82.70947,339.12,0.42,0.38,2026-05-30,732,N20,VIIRS,l,2,306.79,4.64,D,2
24.28768,76.00981,342.04,0.32,0.55,2026-05-30,732,N20,VIIRS,l,2,312.38,3.56,D,0
24.3213,77.87777,344.72,0.49,0.49,2026-05-30,732,N20,VIIRS,n,2,311.58,10.9,D,0
24.32304,77.88028,345.22,0.49,0.49,2026-05-30,732,N20,VIIRS,n,2,311.67,11.3,D,0
24.49104,78.91526,341.9,0.43,0.46,2026-05-30,732,N20,VIIRS,n,2,309.09,6.6,D,0
24.51887,79.12497,344.62,0.41,0.45,2026-05-30,732,N20,VIIRS,n,2,310.78,6.4,D,0
24.52215,79.12,344.49,0.41,0.45,2026-05-30,732,N20,VIIRS,n,2,311.16,6.4,D,0
24.54917,82.85291,331.26,0.42,0.37,2026-05-30,732,N20,VIIRS,l,2,301.48,1.45,D,0
24.55227,79.0842,346.19,0.41,0.45,2026-05-30,732,N20,VIIRS,n,2,307.06,4.06,D,0
24.55338,79.08344,346.7,0.42,0.45,2026-05-30,732,N20,VIIRS,n,2,307.86,6.21,D,0
24.55634,79.08325,343.88,0.41,0.45,2026-05-30,732,N20,VIIRS,n,2,306.7,4.06,D,0
24.5765,77.96294,343.28,0.48,0.48,2026-05-30,732,N20,VIIRS,n,2,312,6.69,D,0
24.61913,81.2268,347.88,0.48,0.4,2026-05-30,732,N20,VIIRS,l,2,311.46,14.37,D,0
24.62193,81.22134,344.84,0.48,0.4,2026-05-30,732,N20,VIIRS,l,2,311.4,13.62,D,0
24.62243,81.22263,348.46,0.48,0.4,2026-05-30,732,N20,VIIRS,n,2,311.24,13.8,D,0
24.62842,78.71966,347.62,0.43,0.46,2026-05-30,732,N20,VIIRS,n,2,312.02,6.62,D,0
24.71643,79.69264,334.83,0.57,0.43,2026-05-30,732,N20,VIIRS,n,2,304.94,3.3,D,0
24.76849,78.45541,342.43,0.45,0.47,2026-05-30,732,N20,VIIRS,n,2,305.02,2.83,D,0
24.80014,79.23023,339.94,0.4,0.44,2026-05-30,732,N20,VIIRS,n,2,305.78,2.86,D,0
24.80021,79.22947,341.24,0.4,0.44,2026-05-30,732,N20,VIIRS,n,2,305.63,2.61,D,0
24.97605,79.80013,330.38,0.56,0.43,2026-05-30,732,N20,VIIRS,l,2,303.82,1.82,D,0
25.02028,76.9343,341.52,0.55,0.51,2026-05-30,732,N20,VIIRS,l,2,314.26,7.62,D,0
25.18982,76.76812,347.25,0.56,0.51,2026-05-30,732,N20,VIIRS,n,2,315.39,9.53,D,0
25.1914,76.76428,341.67,0.56,0.51,2026-05-30,732,N20,VIIRS,l,2,313.86,11.8,D,0
25.19252,76.76971,345.5,0.56,0.51,2026-05-30,732,N20,VIIRS,n,2,314.79,11.8,D,0
25.19443,76.76693,351.29,0.56,0.51,2026-05-30,732,N20,VIIRS,n,2,314.8,9.53,D,0
25.2658,91.18913,340.58,0.44,0.46,2026-05-30,732,N20,VIIRS,n,2,295.91,75.15,D,0
25.28592,91.21471,335.4,0.44,0.46,2026-05-30,732,N20,VIIRS,n,2,295.59,2.74,D,0
25.33291,75.9463,345.26,0.62,0.54,2026-05-30,732,N20,VIIRS,n,2,314.11,16.95,D,0
25.3338,75.93885,344.49,0.62,0.54,2026-05-30,732,N20,VIIRS,l,2,315.9,10.77,D,0
25.33513,75.94484,350.05,0.62,0.54,2026-05-30,732,N20,VIIRS,n,2,314.61,10.77,D,0
25.33645,75.939,344.54,0.62,0.54,2026-05-30,732,N20,VIIRS,n,2,314.38,16.36,D,0
25.34159,91.21812,340.89,0.44,0.46,2026-05-30,732,N20,VIIRS,n,2,293.19,5.15,D,0
25.59138,75.61819,345.85,0.32,0.55,2026-05-30,732,N20,VIIRS,n,2,308.79,3.64,D,0
25.59234,75.61971,343.36,0.32,0.55,2026-05-30,732,N20,VIIRS,n,2,307.57,3.17,D,0
25.6924,82.61862,367,0.41,0.37,2026-05-30,732,N20,VIIRS,h,2,297.56,17.83,D,0
25.69511,82.61386,355.13,0.41,0.37,2026-05-30,732,N20,VIIRS,l,2,297.52,19.46,D,0
26.02998,93.41096,333.02,0.61,0.54,2026-05-30,732,N20,VIIRS,n,2,282.1,8.25,D,0
26.07425,79.55734,332.34,0.55,0.43,2026-05-30,732,N20,VIIRS,n,2,303.27,2.86,D,0
26.07758,79.55829,331.2,0.55,0.43,2026-05-30,732,N20,VIIRS,l,2,302.48,3.97,D,0
26.12304,93.32171,340.54,0.61,0.53,2026-05-30,732,N20,VIIRS,n,2,290.67,11.62,D,0
26.12792,93.32066,337.02,0.61,0.53,2026-05-30,732,N20,VIIRS,n,2,290.18,11.62,D,0
26.17604,93.28262,336.52,0.61,0.53,2026-05-30,732,N20,VIIRS,n,2,290.85,8.57,D,0
26.17926,93.26364,353.91,0.6,0.53,2026-05-30,732,N20,VIIRS,n,2,291.21,22.05,D,0
26.20178,79.93598,339.58,0.52,0.42,2026-05-30,732,N20,VIIRS,n,2,304.34,3.65,D,0
26.42292,87.05547,340.69,0.42,0.38,2026-05-30,732,N20,VIIRS,n,2,298.66,7.06,D,0
26.45197,81.0869,334.06,0.46,0.39,2026-05-30,732,N20,VIIRS,l,2,298.71,2.82,D,0
27.02576,92.12439,333.11,0.53,0.5,2026-05-30,732,N20,VIIRS,n,2,294.58,4.88,D,0
27.33544,92.89282,342.99,0.59,0.53,2026-05-30,732,N20,VIIRS,n,2,293.88,12.09,D,0
27.35083,92.49475,334.27,0.56,0.51,2026-05-30,732,N20,VIIRS,n,2,297.32,5.75,D,0
27.4506,92.47475,330.63,0.56,0.51,2026-05-30,732,N20,VIIRS,n,2,296.41,11.81,D,0
27.45107,92.47965,341.89,0.56,0.51,2026-05-30,732,N20,VIIRS,n,2,295.1,11.81,D,0
26.12283,74.88284,344.89,0.35,0.56,2026-05-30,733,N20,VIIRS,n,2,304.66,4.59,D,0
26.19752,75.37852,334.62,0.32,0.55,2026-05-30,733,N20,VIIRS,l,2,307.65,3.7,D,0
26.2087,74.22607,335.12,0.38,0.59,2026-05-30,733,N20,VIIRS,n,2,304.43,1.46,D,0
26.4676,77.784,340.06,0.46,0.47,2026-05-30,733,N20,VIIRS,n,2,306.29,1.24,D,0
27.26029,79.6981,332.09,0.52,0.41,2026-05-30,733,N20,VIIRS,l,2,302.09,5.08,D,0
27.26125,79.70325,346.34,0.52,0.41,2026-05-30,733,N20,VIIRS,n,2,303.98,5.08,D,0
28.27164,77.67377,332.83,0.43,0.46,2026-05-30,733,N20,VIIRS,l,2,304.81,2.23,D,0
28.37584,76.69254,330.09,0.48,0.48,2026-05-30,733,N20,VIIRS,l,2,304.28,1.85,D,0
28.4971,76.92506,333.5,0.47,0.47,2026-05-30,733,N20,VIIRS,l,2,304.52,3.56,D,0
28.50735,77.77402,340,0.42,0.45,2026-05-30,733,N20,VIIRS,n,2,306.19,3.51,D,0
28.67578,76.85709,333.13,0.47,0.48,2026-05-30,733,N20,VIIRS,l,2,304.41,1.18,D,0
28.74624,80.01555,333.24,0.48,0.4,2026-05-30,733,N20,VIIRS,l,2,298.16,4.67,D,0
28.8949,79.65272,337.12,0.49,0.41,2026-05-30,733,N20,VIIRS,n,2,280.6,5.79,D,0
28.94752,77.04392,339.32,0.45,0.47,2026-05-30,733,N20,VIIRS,n,2,303.56,4.16,D,0
29.00488,79.50911,347.46,0.5,0.41,2026-05-30,733,N20,VIIRS,n,2,307.71,19.77,D,0
29.01805,79.50857,340.67,0.5,0.41,2026-05-30,733,N20,VIIRS,n,2,303.06,5.75,D,0
29.01962,79.50558,330.13,0.5,0.41,2026-05-30,733,N20,VIIRS,l,2,302.48,2.21,D,0
29.02054,79.51063,334.55,0.5,0.41,2026-05-30,733,N20,VIIRS,n,2,300.8,2.21,D,0
29.02995,77.01867,339.33,0.45,0.47,2026-05-30,733,N20,VIIRS,n,2,305.35,12.51,D,0
29.03089,77.02319,343.08,0.45,0.47,2026-05-30,733,N20,VIIRS,n,2,304.38,12.51,D,0
29.11644,76.13807,340.05,0.5,0.49,2026-05-30,733,N20,VIIRS,n,2,303.62,4.6,D,0
29.14053,79.61012,333.94,0.49,0.4,2026-05-30,733,N20,VIIRS,l,2,304.31,2.82,D,0
29.16607,76.6802,334.79,0.47,0.48,2026-05-30,733,N20,VIIRS,n,2,302.64,3.54,D,0
29.21946,78.01746,333.92,0.39,0.44,2026-05-30,733,N20,VIIRS,n,2,300.55,2.64,D,0
29.24083,78.02024,339.24,0.39,0.44,2026-05-30,733,N20,VIIRS,n,2,299.54,2.26,D,0
29.2416,78.02417,332.49,0.39,0.44,2026-05-30,733,N20,VIIRS,n,2,299.62,2.26,D,0
29.26042,79.09526,333.73,0.52,0.41,2026-05-30,733,N20,VIIRS,l,2,307.95,4.54,D,0
29.26099,79.81478,332.38,0.48,0.4,2026-05-30,733,N20,VIIRS,l,2,301.58,6.12,D,0
29.58764,78.33625,335.06,0.56,0.43,2026-05-30,733,N20,VIIRS,n,2,302.58,1.94,D,0
28.36457,69.38006,333.86,0.66,0.73,2026-05-30,734,N20,VIIRS,n,2,303.33,4.82,D,0
30.70293,78.27769,339.26,0.54,0.42,2026-05-30,734,N20,VIIRS,n,2,300.57,5.52,D,0
30.75761,78.35484,333.49,0.53,0.42,2026-05-30,734,N20,VIIRS,l,2,304.06,7.9,D,0
30.76063,78.34991,334.53,0.53,0.42,2026-05-30,734,N20,VIIRS,n,2,301.61,4.06,D,0
30.80689,71.37323,337.71,0.44,0.62,2026-05-30,734,N20,VIIRS,n,2,296.4,1.91,D,0
32.06409,70.94328,344.93,0.43,0.62,2026-05-30,734,N20,VIIRS,n,2,298.19,6.04,D,0
33.99472,80.81857,329.16,0.4,0.37,2026-05-30,734,N20,VIIRS,l,2,296.13,5.35,D,0
32.18129,69.54586,330.29,0.52,0.67,2026-05-30,735,N20,VIIRS,l,2,304.6,1.63,D,0
32.73329,70.4659,334.44,0.44,0.63,2026-05-30,735,N20,VIIRS,n,2,300.33,1.68,D,0
33.7694,71.88052,353.01,0.35,0.57,2026-05-30,735,N20,VIIRS,n,2,306.28,14.73,D,0
33.77027,71.88407,367,0.35,0.57,2026-05-30,735,N20,VIIRS,h,2,301.35,11.99,D,0
33.77047,71.87633,334.03,0.35,0.57,2026-05-30,735,N20,VIIRS,n,2,302.82,8.99,D,0
33.77132,71.87972,352.19,0.35,0.57,2026-05-30,735,N20,VIIRS,n,2,305.61,8.99,D,0
33.77219,71.88319,354.89,0.35,0.57,2026-05-30,735,N20,VIIRS,n,2,301.4,12.25,D,0
33.82771,72.8698,330.22,0.61,0.53,2026-05-30,735,N20,VIIRS,n,2,298.1,2.49,D,0
34.17469,72.99144,330.21,0.59,0.53,2026-05-30,735,N20,VIIRS,n,2,296.54,7.24,D,0
34.26482,72.94646,340.06,0.59,0.53,2026-05-30,735,N20,VIIRS,n,2,299.31,6.01,D,0
34.26551,72.94759,335.03,0.59,0.53,2026-05-30,735,N20,VIIRS,n,2,298.63,10.05,D,0
34.56712,71.83724,333.64,0.33,0.56,2026-05-30,735,N20,VIIRS,n,2,302.97,3.79,D,0
34.57286,71.83878,336.69,0.33,0.56,2026-05-30,735,N20,VIIRS,n,2,304.17,3.79,D,0
34.57362,71.84185,346.42,0.33,0.56,2026-05-30,735,N20,VIIRS,n,2,302.87,5.29,D,0
34.5778,71.83706,352.22,0.33,0.56,2026-05-30,735,N20,VIIRS,n,2,304.97,10.18,D,0
34.57854,71.8401,349.23,0.33,0.56,2026-05-30,735,N20,VIIRS,n,2,301.81,6.81,D,0
34.58048,71.82623,355.55,0.33,0.56,2026-05-30,735,N20,VIIRS,n,2,303.48,7.33,D,0
34.58133,71.82967,367,0.33,0.56,2026-05-30,735,N20,VIIRS,h,2,302.66,7.33,D,0
17.26812,75.83176,333.4,0.78,0.78,2026-05-30,911,N20,VIIRS,n,2,297.27,2.58,D,0
17.50347,73.40507,335.16,0.55,0.68,2026-05-30,911,N20,VIIRS,n,2,297.23,3.96,D,0
17.79799,74.56108,340.12,0.66,0.73,2026-05-30,911,N20,VIIRS,n,2,300.08,5.23,D,0
20.33871,73.93819,331.2,0.64,0.72,2026-05-30,912,N20,VIIRS,l,2,301.89,3.75,D,0
20.34137,73.93835,332.82,0.64,0.72,2026-05-30,912,N20,VIIRS,n,2,301.78,4.39,D,0
20.54485,73.94665,347.54,0.64,0.72,2026-05-30,912,N20,VIIRS,n,2,302.61,5.88,D,0
20.98406,73.14613,334.44,0.57,0.69,2026-05-30,912,N20,VIIRS,n,2,298,5.97,D,0
21.32246,71.24548,340.52,0.44,0.62,2026-05-30,912,N20,VIIRS,n,2,301.82,3.16,D,0
21.32284,71.2497,338.9,0.44,0.62,2026-05-30,912,N20,VIIRS,n,2,302.36,3.16,D,0
21.33903,74.11749,333.62,0.67,0.73,2026-05-30,912,N20,VIIRS,n,2,299.64,2.24,D,0
21.51267,71.07268,346.87,0.43,0.62,2026-05-30,912,N20,VIIRS,n,2,300.64,3.09,D,0
21.88788,73.04003,333.9,0.58,0.69,2026-05-30,912,N20,VIIRS,n,2,297.89,3.11,D,0
22.21925,73.82016,333.6,0.65,0.73,2026-05-30,912,N20,VIIRS,n,2,296.06,3.24,D,0
22.22315,73.82005,339.04,0.65,0.73,2026-05-30,912,N20,VIIRS,n,2,295.92,4.56,D,0
22.70515,70.63153,331.25,0.41,0.61,2026-05-30,912,N20,VIIRS,n,2,299.83,1.85,D,0
22.70553,70.63556,338.53,0.41,0.61,2026-05-30,912,N20,VIIRS,n,2,300.3,1.85,D,0
22.70901,70.63098,333.87,0.41,0.61,2026-05-30,912,N20,VIIRS,n,2,300.28,2.41,D,0
22.70935,70.63501,332.76,0.41,0.61,2026-05-30,912,N20,VIIRS,n,2,300.82,2.41,D,0
22.82173,69.68184,332.82,0.36,0.57,2026-05-30,912,N20,VIIRS,n,2,301.26,2.95,D,0
22.84821,72.34388,341.46,0.53,0.67,2026-05-30,912,N20,VIIRS,n,2,295.71,3.73,D,0
22.92454,70.10702,333.53,0.38,0.59,2026-05-30,912,N20,VIIRS,l,2,304.52,4.71,D,0
22.92488,70.11077,331.04,0.38,0.59,2026-05-30,912,N20,VIIRS,l,2,302.94,4.71,D,0
23.02216,71.756,332.5,0.49,0.65,2026-05-30,912,N20,VIIRS,n,2,298.44,1.63,D,0
23.09093,72.35571,337.41,0.54,0.68,2026-05-30,912,N20,VIIRS,n,2,295.83,2.72,D,0
23.09496,72.35213,332.71,0.54,0.68,2026-05-30,912,N20,VIIRS,n,2,296.21,8.02,D,0
23.09537,72.35742,367,0.54,0.68,2026-05-30,912,N20,VIIRS,h,2,296.1,10.38,D,0
23.23217,72.19912,341.01,0.53,0.67,2026-05-30,912,N20,VIIRS,n,2,296.26,3.72,D,0
23.23258,72.20431,331.61,0.53,0.67,2026-05-30,912,N20,VIIRS,n,2,295.53,3.72,D,0
23.31367,69.60978,335.76,0.36,0.57,2026-05-30,913,N20,VIIRS,n,2,302.05,2.91,D,0
23.47847,73.60475,340.77,0.65,0.73,2026-05-30,913,N20,VIIRS,n,2,298.96,7.53,D,0
23.48227,73.60465,340.65,0.65,0.73,2026-05-30,913,N20,VIIRS,n,2,299.47,5.77,D,0
23.49498,73.50114,332.6,0.64,0.72,2026-05-30,913,N20,VIIRS,n,2,297.51,1.71,D,0
24.5654,74.53778,335.34,0.76,0.77,2026-05-30,913,N20,VIIRS,n,2,296.79,4.89,D,0
24.93324,68.58929,337.95,0.32,0.55,2026-05-30,913,N20,VIIRS,n,2,306.69,2.67,D,0
24.95675,68.51975,336.3,0.32,0.55,2026-05-30,913,N20,VIIRS,l,2,306.99,3.11,D,0
24.95702,68.51885,337.56,0.32,0.55,2026-05-30,913,N20,VIIRS,n,2,306.92,2.03,D,0
25.06919,69.19242,354.67,0.35,0.57,2026-05-30,913,N20,VIIRS,n,2,304.74,6.99,D,0
26.64634,68.17349,345.09,0.32,0.54,2026-05-30,914,N20,VIIRS,n,2,312.56,4.39,D,0
27.84256,68.7795,339.74,0.36,0.57,2026-05-30,914,N20,VIIRS,l,2,311.64,7.41,D,0
27.84347,68.78018,340.47,0.36,0.57,2026-05-30,914,N20,VIIRS,l,2,311.79,7.58,D,0
27.94115,68.56197,352.68,0.35,0.57,2026-05-30,914,N20,VIIRS,n,2,313.57,9.58,D,0
27.94187,68.56191,353.72,0.35,0.57,2026-05-30,914,N20,VIIRS,n,2,313.4,8.69,D,0
28.41748,69.61115,336.5,0.41,0.61,2026-05-30,914,N20,VIIRS,n,2,306.11,8.38,D,0
28.43371,68.24563,367,0.34,0.56,2026-05-30,914,N20,VIIRS,h,2,317.69,3.73,D,0
28.43561,68.24415,342.01,0.34,0.56,2026-05-30,914,N20,VIIRS,l,2,315.42,1.7,D,0
28.43589,68.24762,340.14,0.34,0.56,2026-05-30,914,N20,VIIRS,l,2,314.79,1.26,D,0
28.45899,69.6373,335.27,0.41,0.61,2026-05-30,914,N20,VIIRS,l,2,306.78,8.17,D,0
30.64526,72.52588,367,0.64,0.72,2026-05-30,915,N20,VIIRS,h,2,293.17,37.46,D,0
30.64556,72.53271,367,0.64,0.72,2026-05-30,915,N20,VIIRS,h,2,291.78,35.72,D,0
30.65169,72.5187,333.99,0.64,0.72,2026-05-30,915,N20,VIIRS,n,2,290.57,14.81,D,0
30.65199,72.52553,367,0.64,0.72,2026-05-30,915,N20,VIIRS,h,2,290.91,14.81,D,0
30.65229,72.53236,334.56,0.64,0.72,2026-05-30,915,N20,VIIRS,n,2,289.64,17.42,D,0
33.82611,72.87378,349.03,0.71,0.75,2026-05-30,915,N20,VIIRS,n,2,296.26,11.3,D,0
33.82722,72.87206,346.23,0.71,0.75,2026-05-30,915,N20,VIIRS,n,2,296.11,13.01,D,0
34.08066,73.09933,335.43,0.74,0.76,2026-05-30,916,N20,VIIRS,n,2,293.23,12.05,D,0
34.08079,73.10488,331.19,0.74,0.76,2026-05-30,916,N20,VIIRS,n,2,290.86,9.76,D,0
34.08325,73.10058,346.78,0.74,0.76,2026-05-30,916,N20,VIIRS,n,2,292.87,14.43,D,0
35.32447,73.79586,295.86,0.66,0.73,2026-05-30,1956,N20,VIIRS,n,2,282.05,1.09,N,0
35.32925,73.79617,296.9,0.66,0.73,2026-05-30,1956,N20,VIIRS,n,2,282.07,1.2,N,0
29.37744,91.15066,297.6,0.46,0.39,2026-05-30,1957,N20,VIIRS,n,2,279.63,1.22,N,2
29.78637,91.60743,297.24,0.48,0.4,2026-05-30,1957,N20,VIIRS,n,2,279.9,1.23,N,2
30.94758,97.36028,295.98,0.62,0.54,2026-05-30,1957,N20,VIIRS,n,2,284.11,1.41,N,2
27.40949,85.93932,300.83,0.39,0.36,2026-05-30,1958,N20,VIIRS,n,2,289.2,0.45,N,0
27.4128,85.94005,307.81,0.39,0.36,2026-05-30,1958,N20,VIIRS,n,2,289.37,0.8,N,0
27.53377,95.39977,296.54,0.56,0.52,2026-05-30,1958,N20,VIIRS,n,2,279.31,1.97,N,2
27.72581,84.8168,304.48,0.42,0.37,2026-05-30,1958,N20,VIIRS,n,2,288.81,0.77,N,0
28.44655,76.76497,302.95,0.38,0.59,2026-05-30,1958,N20,VIIRS,n,2,290.27,3.98,N,0
28.44688,76.76102,354.08,0.38,0.59,2026-05-30,1958,N20,VIIRS,n,2,291.41,3.98,N,0
28.44814,76.76333,331.57,0.38,0.59,2026-05-30,1958,N20,VIIRS,n,2,291.32,3.18,N,0
28.44844,76.75938,327.82,0.38,0.59,2026-05-30,1958,N20,VIIRS,n,2,290.06,3.18,N,0
29.08307,88.01224,302.36,0.39,0.36,2026-05-30,1958,N20,VIIRS,n,2,275.85,0.8,N,2
29.08634,88.01293,297.34,0.39,0.36,2026-05-30,1958,N20,VIIRS,n,2,276.19,0.8,N,2
29.22573,88.3492,304.26,0.39,0.36,2026-05-30,1958,N20,VIIRS,n,2,278.4,1.11,N,2
23.55153,87.2449,297.65,0.39,0.37,2026-05-30,1959,N20,VIIRS,n,2,269.24,0.69,N,3
23.55485,87.24555,297.2,0.39,0.37,2026-05-30,1959,N20,VIIRS,n,2,268.8,0.69,N,3
23.55549,87.24173,315.69,0.39,0.37,2026-05-30,1959,N20,VIIRS,n,2,267.71,0.69,N,3
23.55882,87.24238,299.63,0.39,0.37,2026-05-30,1959,N20,VIIRS,n,2,267.32,0.7,N,2
23.55945,87.23855,314.14,0.39,0.37,2026-05-30,1959,N20,VIIRS,n,2,267.1,1.26,N,2
23.58228,86.72669,303.36,0.39,0.36,2026-05-30,1959,N20,VIIRS,n,2,280.39,0.72,N,2
23.67319,86.39613,299.86,0.38,0.36,2026-05-30,1959,N20,VIIRS,n,2,274.02,0.64,N,2
23.67588,86.40048,305.09,0.38,0.36,2026-05-30,1959,N20,VIIRS,n,2,276.73,2.49,N,2
23.67649,86.39675,299.57,0.38,0.36,2026-05-30,1959,N20,VIIRS,n,2,275.98,0.92,N,2
23.67708,86.39301,298.45,0.38,0.36,2026-05-30,1959,N20,VIIRS,n,2,276.39,0.92,N,2
23.67978,86.39737,311.22,0.38,0.36,2026-05-30,1959,N20,VIIRS,n,2,280.33,0.92,N,2
23.68098,86.38989,303.07,0.38,0.36,2026-05-30,1959,N20,VIIRS,n,2,276.65,0.78,N,2
23.68307,86.39799,302.11,0.38,0.36,2026-05-30,1959,N20,VIIRS,n,2,277.9,1.06,N,2
23.68367,86.39425,317.71,0.38,0.36,2026-05-30,1959,N20,VIIRS,n,2,276.85,1.06,N,2
23.68696,86.39487,299.08,0.38,0.36,2026-05-30,1959,N20,VIIRS,n,2,274.84,1.06,N,2
23.68756,86.39113,306.55,0.38,0.36,2026-05-30,1959,N20,VIIRS,n,2,276.45,1.55,N,2
23.69395,78.76495,303.81,0.5,0.49,2026-05-30,1959,N20,VIIRS,n,2,289.51,3.25,N,0
23.70879,86.44912,307.22,0.39,0.36,2026-05-30,1959,N20,VIIRS,n,2,280.33,1.29,N,2
23.71148,86.45349,305.62,0.39,0.36,2026-05-30,1959,N20,VIIRS,n,2,280.38,0.7,N,2
23.71208,86.44974,317.09,0.39,0.36,2026-05-30,1959,N20,VIIRS,n,2,282.05,1.29,N,2
23.71569,86.42728,307.17,0.39,0.36,2026-05-30,1959,N20,VIIRS,n,2,286.4,1.85,N,2
23.71658,86.44287,307.98,0.39,0.36,2026-05-30,1959,N20,VIIRS,n,2,285.22,1.69,N,2
23.72376,86.44038,311.11,0.39,0.36,2026-05-30,1959,N20,VIIRS,n,2,287.41,1.81,N,2
23.72915,86.44911,309.75,0.39,0.36,2026-05-30,1959,N20,VIIRS,n,2,286.92,1.27,N,0
23.73544,86.43102,310.21,0.39,0.36,2026-05-30,1959,N20,VIIRS,n,2,286.67,1.28,N,2
23.7386,86.43529,336.27,0.39,0.36,2026-05-30,1959,N20,VIIRS,n,2,290.58,3.48,N,2
23.75149,86.41843,316.17,0.38,0.36,2026-05-30,1959,N20,VIIRS,n,2,283.22,1.72,N,2
23.75719,86.40408,307.62,0.38,0.36,2026-05-30,1959,N20,VIIRS,n,2,272.11,0.7,N,2
23.76048,86.4047,297.94,0.38,0.36,2026-05-30,1959,N20,VIIRS,n,2,265.85,0.7,N,2
23.76108,86.40096,309.66,0.38,0.36,2026-05-30,1959,N20,VIIRS,n,2,272.91,0.7,N,2
23.76377,86.40532,302.94,0.38,0.36,2026-05-30,1959,N20,VIIRS,n,2,262.1,0.3,N,2
23.76437,86.40159,297.62,0.38,0.36,2026-05-30,1959,N20,VIIRS,n,2,268.71,0.3,N,2
23.76707,86.40594,298.64,0.38,0.36,2026-05-30,1959,N20,VIIRS,n,2,258.44,0.3,N,2
23.76767,86.40221,298.32,0.38,0.36,2026-05-30,1959,N20,VIIRS,n,2,264.72,0.3,N,2
23.77366,86.3648,307.39,0.38,0.36,2026-05-30,1959,N20,VIIRS,n,2,268.14,0.95,N,2
23.77665,86.38847,299.11,0.38,0.36,2026-05-30,1959,N20,VIIRS,n,2,267.41,0.62,N,2
23.77696,86.36542,297.69,0.38,0.36,2026-05-30,1959,N20,VIIRS,n,2,270.9,0.97,N,2
23.77905,86.37351,301.25,0.38,0.36,2026-05-30,1959,N20,VIIRS,n,2,271.86,0.78,N,2
23.77934,86.39284,301.06,0.38,0.36,2026-05-30,1959,N20,VIIRS,n,2,267.85,0.78,N,2
23.77994,86.38909,311.01,0.38,0.36,2026-05-30,1959,N20,VIIRS,n,2,270.32,0.78,N,2
23.78384,86.34361,296.23,0.38,0.36,2026-05-30,1959,N20,VIIRS,n,2,267.47,0.76,N,2
23.79581,86.35357,312.22,0.38,0.36,2026-05-30,1959,N20,VIIRS,n,2,267.82,1.59,N,2
23.7997,86.35045,304.15,0.38,0.36,2026-05-30,1959,N20,VIIRS,n,2,267.49,1.01,N,2
23.80269,86.33175,299.08,0.38,0.36,2026-05-30,1959,N20,VIIRS,n,2,266.74,0.69,N,2
23.99146,79.3907,307.98,0.47,0.47,2026-05-30,1959,N20,VIIRS,n,2,294.17,1.71,N,2
24.14502,82.70955,296.37,0.46,0.39,2026-05-30,1959,N20,VIIRS,n,2,265.72,0.75,N,0
24.16337,82.62878,299.11,0.47,0.39,2026-05-30,1959,N20,VIIRS,n,2,267.48,1.05,N,2
24.17118,81.32655,330.02,0.54,0.42,2026-05-30,1959,N20,VIIRS,n,2,294.58,4.7,N,0
24.20497,82.71101,300.2,0.46,0.39,2026-05-30,1959,N20,VIIRS,n,2,261.9,0.47,N,2
24.32602,81.33039,309.53,0.54,0.42,2026-05-30,1959,N20,VIIRS,n,2,296.52,2.38,N,2
24.42431,79.31219,325.84,0.48,0.48,2026-05-30,1959,N20,VIIRS,n,2,293.93,2.36,N,0
26.64439,79.47874,305.28,0.5,0.49,2026-05-30,1959,N20,VIIRS,n,2,292.16,1.57,N,2
20.00936,79.19302,311.22,0.43,0.46,2026-05-30,2000,N20,VIIRS,n,2,295.35,3.79,N,0
20.43764,75.69448,307.15,0.36,0.58,2026-05-30,2000,N20,VIIRS,n,2,292.71,0.72,N,0
20.59069,76.17201,307.74,0.34,0.56,2026-05-30,2000,N20,VIIRS,n,2,293.2,0.61,N,0
20.9694,75.52375,312.59,0.38,0.59,2026-05-30,2000,N20,VIIRS,n,2,293.24,0.96,N,0
21.10154,72.63447,312.14,0.58,0.7,2026-05-30,2000,N20,VIIRS,n,2,291.84,4.42,N,2
21.10245,72.6338,307.95,0.58,0.7,2026-05-30,2000,N20,VIIRS,n,2,291.23,4.42,N,2
21.10702,72.64647,315.25,0.58,0.7,2026-05-30,2000,N20,VIIRS,n,2,290.67,5.52,N,2
21.23708,75.1802,309.86,0.4,0.6,2026-05-30,2000,N20,VIIRS,n,2,291.52,3.49,N,0
21.24322,79.22348,315.81,0.44,0.46,2026-05-30,2000,N20,VIIRS,n,2,297.29,2.09,N,2
21.24747,79.2241,308.26,0.44,0.46,2026-05-30,2000,N20,VIIRS,n,2,296.45,1.26,N,2
21.24902,79.21134,317.04,0.44,0.46,2026-05-30,2000,N20,VIIRS,n,2,296.32,2.44,N,2
21.2691,79.15341,308.55,0.44,0.46,2026-05-30,2000,N20,VIIRS,n,2,296.66,1.22,N,0
21.28245,79.15088,315.45,0.44,0.46,2026-05-30,2000,N20,VIIRS,n,2,296.66,2.23,N,2
21.33707,78.97141,309.6,0.46,0.47,2026-05-30,2000,N20,VIIRS,n,2,297.54,1.47,N,0
21.33759,78.967,310.72,0.46,0.47,2026-05-30,2000,N20,VIIRS,n,2,297.05,1.47,N,0
21.36353,77.2561,305.63,0.59,0.53,2026-05-30,2000,N20,VIIRS,n,2,290.29,4.94,N,0
21.36412,77.25072,306.41,0.59,0.53,2026-05-30,2000,N20,VIIRS,n,2,293.19,6.23,N,0
21.37684,81.68213,305.06,0.48,0.4,2026-05-30,2000,N20,VIIRS,n,2,276.16,1.2,N,2
21.67234,82.08095,297.03,0.47,0.39,2026-05-30,2000,N20,VIIRS,n,2,265.11,0.47,N,2
21.92038,83.353,313.76,0.42,0.38,2026-05-30,2000,N20,VIIRS,n,2,287.51,1.54,N,2
21.92097,83.34897,329.4,0.42,0.38,2026-05-30,2000,N20,VIIRS,n,2,286.64,3.39,N,2
21.92335,83.35223,315.48,0.42,0.38,2026-05-30,2000,N20,VIIRS,n,2,286.76,1.71,N,2
21.92382,83.35357,311.11,0.42,0.38,2026-05-30,2000,N20,VIIRS,n,2,286.79,1.54,N,2
21.93628,77.65701,318.39,0.56,0.52,2026-05-30,2000,N20,VIIRS,n,2,291.64,4.74,N,0
21.93689,77.65145,311.84,0.56,0.52,2026-05-30,2000,N20,VIIRS,n,2,293.08,4.74,N,0
21.98598,83.23415,302.91,0.42,0.38,2026-05-30,2000,N20,VIIRS,n,2,277.56,1.7,N,2
22.02046,77.99332,314.32,0.54,0.51,2026-05-30,2000,N20,VIIRS,n,2,294.46,6.95,N,0
22.05576,78.7461,307.47,0.48,0.48,2026-05-30,2000,N20,VIIRS,n,2,292.61,1.04,N,0
22.05659,88.12566,310.97,0.43,0.38,2026-05-30,2000,N20,VIIRS,n,2,281.94,0.96,N,2
22.08943,83.11969,300.73,0.43,0.38,2026-05-30,2000,N20,VIIRS,n,2,272.56,0.3,N,0
22.09231,83.12438,297.65,0.43,0.38,2026-05-30,2000,N20,VIIRS,n,2,272.48,0.59,N,0
22.32785,77.17191,310.83,0.61,0.54,2026-05-30,2000,N20,VIIRS,n,2,291.5,7.07,N,0
22.35793,87.29101,295.43,0.4,0.37,2026-05-30,2000,N20,VIIRS,n,2,265.43,0.4,N,2
22.35828,82.30255,299.06,0.46,0.39,2026-05-30,2000,N20,VIIRS,n,2,266.66,0.88,N,2
22.36335,87.30003,301.32,0.4,0.37,2026-05-30,2000,N20,VIIRS,n,2,266.6,0.68,N,2
22.36605,87.30454,296.94,0.4,0.37,2026-05-30,2000,N20,VIIRS,n,2,267.12,0.88,N,2
22.3667,87.30068,301.88,0.4,0.37,2026-05-30,2000,N20,VIIRS,n,2,266.47,0.68,N,2
22.37664,87.28268,296.92,0.4,0.37,2026-05-30,2000,N20,VIIRS,n,2,263.81,0.48,N,2
22.37728,87.27883,313.85,0.4,0.37,2026-05-30,2000,N20,VIIRS,n,2,266.28,1.64,N,2
22.43892,76.93541,305.91,0.32,0.54,2026-05-30,2000,N20,VIIRS,n,2,291.55,3.52,N,0
22.47115,76.77014,308.93,0.33,0.55,2026-05-30,2000,N20,VIIRS,n,2,292.12,0.33,N,0
22.54223,80.02901,302.77,0.41,0.45,2026-05-30,2000,N20,VIIRS,n,2,284.73,0.6,N,0
22.54271,80.02506,302.06,0.41,0.45,2026-05-30,2000,N20,VIIRS,n,2,285.04,0.47,N,0
22.59739,79.5014,303.97,0.44,0.46,2026-05-30,2000,N20,VIIRS,n,2,292.69,0.39,N,0
22.59769,76.35895,306.4,0.35,0.57,2026-05-30,2000,N20,VIIRS,n,2,291.69,1.08,N,0
22.84857,79.84689,313.96,0.42,0.45,2026-05-30,2000,N20,VIIRS,n,2,294.01,1.81,N,0
23.40642,78.83518,305.16,0.5,0.49,2026-05-30,2000,N20,VIIRS,n,2,292.63,4.39,N,0
23.6144,78.93122,306.36,0.49,0.49,2026-05-30,2000,N20,VIIRS,n,2,293.08,3.64,N,0
23.65462,78.73341,319.96,0.51,0.49,2026-05-30,2000,N20,VIIRS,n,2,293.16,6.27,N,0
23.6608,78.71918,313.65,0.51,0.49,2026-05-30,2000,N20,VIIRS,n,2,292.92,5.16,N,0
23.69622,78.397,307.07,0.53,0.5,2026-05-30,2000,N20,VIIRS,n,2,293.27,4.11,N,0
17.29182,80.80721,309.51,0.48,0.4,2026-05-30,2001,N20,VIIRS,n,2,277.48,1.35,N,0
17.31862,78.4894,321.09,0.44,0.46,2026-05-30,2001,N20,VIIRS,n,2,287.15,2.53,N,0
17.46503,80.65662,301.69,0.49,0.4,2026-05-30,2001,N20,VIIRS,n,2,278.79,0.46,N,0
17.70447,79.42543,300.09,0.39,0.44,2026-05-30,2001,N20,VIIRS,n,2,277.88,0.41,N,0
17.85447,80.23093,306.7,0.52,0.42,2026-05-30,2001,N20,VIIRS,n,2,287.26,1.55,N,0
17.94949,80.78834,308.76,0.49,0.4,2026-05-30,2001,N20,VIIRS,n,2,278.78,1.23,N,0
17.95011,80.78371,305.03,0.49,0.4,2026-05-30,2001,N20,VIIRS,n,2,277.89,1.23,N,0
17.95148,80.78641,313.79,0.49,0.4,2026-05-30,2001,N20,VIIRS,n,2,278.81,2.69,N,0
18.04702,78.68232,300.7,0.43,0.46,2026-05-30,2001,N20,VIIRS,n,2,274.88,0.57,N,0
18.27254,79.35463,304.2,0.4,0.44,2026-05-30,2001,N20,VIIRS,n,2,284.97,0.74,N,0
18.29754,79.15714,301.76,0.41,0.45,2026-05-30,2001,N20,VIIRS,n,2,269.33,0.84,N,0
18.50139,79.18087,301.77,0.41,0.45,2026-05-30,2001,N20,VIIRS,n,2,285.16,0.7,N,0
18.56313,79.22137,321.06,0.41,0.45,2026-05-30,2001,N20,VIIRS,n,2,291.57,2.35,N,0
18.56363,79.21753,313.92,0.41,0.45,2026-05-30,2001,N20,VIIRS,n,2,292.07,2.35,N,0
18.57345,79.23838,302.02,0.41,0.45,2026-05-30,2001,N20,VIIRS,n,2,286.88,1.06,N,0
18.57369,79.90034,317.48,0.56,0.43,2026-05-30,2001,N20,VIIRS,n,2,290.28,5.03,N,0
18.57762,79.90091,306,0.56,0.43,2026-05-30,2001,N20,VIIRS,n,2,289.25,3.72,N,0
18.58474,79.24776,305.3,0.41,0.45,2026-05-30,2001,N20,VIIRS,n,2,288.03,1.34,N,0
18.62886,79.22169,306.4,0.41,0.45,2026-05-30,2001,N20,VIIRS,n,2,290.83,1.92,N,0
18.68195,79.29556,313.01,0.4,0.45,2026-05-30,2001,N20,VIIRS,n,2,293.06,1.65,N,0
18.68604,79.29611,314.38,0.4,0.45,2026-05-30,2001,N20,VIIRS,n,2,293.01,1.65,N,0
18.68713,73.02959,307.09,0.52,0.67,2026-05-30,2001,N20,VIIRS,n,2,293.07,3.83,N,2
18.69353,79.33186,307.96,0.4,0.44,2026-05-30,2001,N20,VIIRS,n,2,291.4,0.45,N,0
18.71304,75.60709,314.97,0.35,0.57,2026-05-30,2001,N20,VIIRS,n,2,294.44,1.18,N,0
18.72089,79.53851,317.94,0.39,0.44,2026-05-30,2001,N20,VIIRS,n,2,293.11,3.88,N,2
18.79388,78.79765,305.88,0.44,0.46,2026-05-30,2001,N20,VIIRS,n,2,289.09,0.67,N,0
18.79439,78.7935,304.64,0.44,0.46,2026-05-30,2001,N20,VIIRS,n,2,288.29,0.67,N,0
18.89535,79.14914,310.19,0.42,0.45,2026-05-30,2001,N20,VIIRS,n,2,293.83,2.11,N,0
18.95114,78.91319,325.66,0.43,0.46,2026-05-30,2001,N20,VIIRS,n,2,293.35,2.3,N,0
18.95181,78.91247,323.63,0.43,0.46,2026-05-30,2001,N20,VIIRS,n,2,293.15,2.56,N,0
18.97792,78.87411,310.5,0.43,0.46,2026-05-30,2001,N20,VIIRS,n,2,292.15,2.16,N,0
18.98214,78.87469,325.22,0.43,0.46,2026-05-30,2001,N20,VIIRS,n,2,292.12,3.43,N,0
19.09814,78.02297,311.21,0.49,0.49,2026-05-30,2001,N20,VIIRS,n,2,293.29,1.47,N,0
19.0987,78.01828,305.45,0.49,0.49,2026-05-30,2001,N20,VIIRS,n,2,292.23,1.47,N,0
19.10044,73.05256,313.02,0.52,0.67,2026-05-30,2001,N20,VIIRS,n,2,293.54,3.6,N,2
19.10261,78.02361,310.76,0.49,0.49,2026-05-30,2001,N20,VIIRS,n,2,293.67,1.52,N,0
19.10317,78.01892,310.79,0.49,0.49,2026-05-30,2001,N20,VIIRS,n,2,293.29,1.52,N,0
19.33766,78.4519,305.67,0.47,0.47,2026-05-30,2001,N20,VIIRS,n,2,290.81,0.61,N,0
19.34084,78.45474,307.05,0.46,0.47,2026-05-30,2001,N20,VIIRS,n,2,291.7,0.49,N,0
19.58994,73.19119,303.86,0.52,0.67,2026-05-30,2001,N20,VIIRS,n,2,289.75,1.36,N,0
19.79555,79.55607,312.88,0.4,0.44,2026-05-30,2001,N20,VIIRS,n,2,290.86,1.36,N,0
19.8042,79.55346,311.01,0.4,0.44,2026-05-30,2001,N20,VIIRS,n,2,289.02,3.83,N,0
19.80779,79.55791,326.09,0.4,0.44,2026-05-30,2001,N20,VIIRS,n,2,288.99,6.46,N,0
19.80828,79.55405,330.95,0.4,0.44,2026-05-30,2001,N20,VIIRS,n,2,289.22,7.75,N,0
19.81187,79.5585,341.38,0.4,0.44,2026-05-30,2001,N20,VIIRS,n,2,290.72,6.46,N,0
19.81236,79.55465,339.75,0.4,0.44,2026-05-30,2001,N20,VIIRS,n,2,292.03,7.75,N,0
19.83158,77.06051,309.06,0.58,0.52,2026-05-30,2001,N20,VIIRS,n,2,295.77,0.76,N,0
19.9717,76.13183,309.34,0.34,0.56,2026-05-30,2001,N20,VIIRS,n,2,294.34,0.46,N,0
20.3569,72.9491,307.09,0.55,0.68,2026-05-30,2001,N20,VIIRS,n,2,291.75,5.09,N,2
12.85544,79.90905,312.57,0.48,0.4,2026-05-30,2002,N20,VIIRS,n,2,279.21,2.32,N,2
15.8954,75.35093,307.96,0.34,0.56,2026-05-30,2002,N20,VIIRS,n,2,285.92,1.17,N,0
16.15019,73.49135,310.11,0.45,0.63,2026-05-30,2002,N20,VIIRS,n,2,289.23,2.38,N,0
16.15051,73.4905,312.11,0.45,0.63,2026-05-30,2002,N20,VIIRS,n,2,289.28,2.97,N,0
9.03896,80.67408,308.05,0.41,0.37,2026-05-30,2003,N20,VIIRS,n,2,289.58,1.42,N,0
9.04809,80.56866,310.81,0.41,0.37,2026-05-30,2003,N20,VIIRS,n,2,289.54,0.86,N,0
10.9309,77.06582,298.09,0.44,0.46,2026-05-30,2003,N20,VIIRS,n,2,270.89,0.59,N,2
11.26966,80.0035,305.31,0.45,0.39,2026-05-30,2003,N20,VIIRS,n,2,284.65,1.53,N,3
6.96254,79.96136,306.32,0.42,0.38,2026-05-30,2004,N20,VIIRS,n,2,291.41,2.72,N,0
8.66996,77.99342,305.1,0.54,0.42,2026-05-30,2004,N20,VIIRS,n,2,292.37,0.99,N,0
33.69384,73.55167,298.11,0.33,0.55,2026-05-30,2137,N20,VIIRS,n,2,286.01,0.76,N,0
33.79311,73.47017,317.14,0.32,0.55,2026-05-30,2137,N20,VIIRS,n,2,287.02,1.24,N,0
34.58759,71.83119,295.63,0.5,0.49,2026-05-30,2137,N20,VIIRS,n,2,283.63,1.51,N,0
35.96601,68.68739,305.52,0.49,0.41,2026-05-30,2137,N20,VIIRS,n,2,293.97,1.87,N,2
31.23365,72.04584,302.32,0.61,0.54,2026-05-30,2138,N20,VIIRS,n,2,289.75,1.26,N,0
31.23587,72.04721,303.74,0.61,0.54,2026-05-30,2138,N20,VIIRS,n,2,289.75,1.45,N,0
31.90907,74.46676,303.83,0.41,0.6,2026-05-30,2138,N20,VIIRS,n,2,288.22,0.57,N,0
26.2605,74.09802,297.92,0.53,0.67,2026-05-30,2139,N20,VIIRS,n,2,284.75,0.56,N,0
27.53627,69.31055,315.73,0.51,0.49,2026-05-30,2139,N20,VIIRS,n,2,298.34,1.45,N,0
27.53764,69.31347,315.48,0.51,0.49,2026-05-30,2139,N20,VIIRS,n,2,298.24,1.1,N,0
27.66193,69.12655,309.7,0.49,0.49,2026-05-30,2139,N20,VIIRS,n,2,297.41,1.19,N,0
22.53063,70.55972,305.98,0.39,0.59,2026-05-30,2140,N20,VIIRS,n,2,294.2,4.1,N,0
18.68407,73.03104,307.93,0.67,0.74,2026-05-30,2141,N20,VIIRS,n,2,292.31,4.9,N,2
18.68779,73.0312,308.26,0.67,0.74,2026-05-30,2141,N20,VIIRS,n,2,291.96,3.35,N,2
18.69295,73.03908,309.09,0.67,0.74,2026-05-30,2141,N20,VIIRS,n,2,291.71,3.35,N,2
18.69581,73.04057,308.18,0.67,0.74,2026-05-30,2141,N20,VIIRS,n,2,291.67,3.67,N,2
19.37163,71.35841,306.03,0.51,0.66,2026-05-30,2141,N20,VIIRS,n,2,292.99,3.31,N,3
19.37269,71.3537,350.24,0.51,0.66,2026-05-30,2141,N20,VIIRS,n,2,293.71,6.92,N,3
21.10554,72.64637,304.44,0.56,0.69,2026-05-30,2141,N20,VIIRS,n,2,292.23,4.22,N,2
21.62358,73.68591,306.98,0.64,0.72,2026-05-30,2141,N20,VIIRS,n,2,288.09,2.53,N,0
21.90674,72.68292,305.04,0.54,0.68,2026-05-30,2141,N20,VIIRS,n,2,291.94,1,N,0